id,company_name,promoter_name,gstin,pan,state,sector,annual_turnover_inr,annual_turnover_lakhs,net_profit_inr,profit_margin_pct,total_assets_inr,total_liabilities_inr,net_worth_inr,existing_loans_inr,collateral_value_inr,loan_requested_inr,loan_requested_lakhs,debt_equity_ratio,dscr,collateral_coverage,existing_loan_burden,business_vintage_years,employee_count,gst_filing_months,nil_filing_months,bank_gst_mismatch_pct,itc_ratio_pct,cibil_score,litigation_flag,promoter_risk_flag,ai_credit_score,risk_category,recommendation,default_flag
1,Iyer & Shah Associates Pvt Ltd,Manish Iyer,27XXXPC7912B1Z5,XXXPC7912B,Maharashtra,Manufacturing,29345108,293.5,4507199,15.36,14814536,6943704,7870832,4968589,5098944,5531258,55.3,0.88,7.86,0.92,0.17,11,53,8,4,28.25,26.51,736,1,1,74.6,MEDIUM,APPROVE WITH CONDITIONS,0
2,Paresh Works Pvt Ltd,Ganesh Reddy,27LLLTI1711X2ZY,LLLTI1711X,Maharashtra,Pharmaceuticals,17024258,170.2,1642324,9.65,6080890,4502903,1577987,3560110,6947978,9319175,93.2,2.85,1.91,0.75,0.21,25,64,9,3,6.99,8.39,593,1,1,67.4,MEDIUM,APPROVE WITH CONDITIONS,0
3,Arjun Products Ltd,Sunita Iyer,06GGGEI2169T3ZA,GGGEI2169T,Haryana,Manufacturing,6004680,60.0,904794,15.07,1902184,1005597,896587,579953,1432442,2878324,28.8,1.12,3.41,0.5,0.1,17,275,6,6,39.08,43.77,773,0,0,100.0,LOW,APPROVE,0
4,Vikram Nair Suppliers & Co,Kapil Kumar,24PPPLU8517E2Z8,PPPLU8517E,Gujarat,Manufacturing,66195213,662.0,5308415,8.02,27204259,9184697,18019562,3884922,10549163,10331566,103.3,0.51,5.57,1.02,0.06,1,5,12,0,20.39,19.67,878,0,0,94.1,LOW,APPROVE,0
5,Kumar Trading Co Pvt Ltd,Kapil Sinha,29RRRAV2876V3ZH,RRRAV2876V,Karnataka,IT/ITES,15439229,154.4,4604824,29.83,12502784,5168693,7334091,2067653,2677682,9238745,92.4,0.7,5.4,0.29,0.13,25,28,9,3,13.4,22.22,552,0,0,100.0,LOW,APPROVE,0
6,Verma Traders,Harish Khanna,24ZZZGH1949H3Z5,ZZZGH1949H,Gujarat,Pharmaceuticals,24919365,249.2,2947542,11.83,14435808,11013071,3422737,7908765,14789146,9613594,96.1,3.22,3.23,1.54,0.32,14,11,9,3,26.21,33.53,630,1,0,76.7,LOW,APPROVE WITH CONDITIONS,0
7,Sharma Solutions Ltd,Ritu Rao,09AAATR4770S1Z0,AAATR4770S,Uttar Pradesh,Chemicals,27978925,279.8,4416642,15.79,10141033,7667309,2473724,2438708,6338991,7669393,76.7,3.1,6.24,0.83,0.09,8,56,10,2,31.89,31.55,621,0,1,82.6,LOW,APPROVE,0
8,Naresh Rao Manufacturers Pvt Ltd,Ramesh Shah,33OOOAV2612B2ZL,OOOAV2612B,Tamil Nadu,Retail,10328650,103.3,217602,2.11,4471573,1972476,2499097,1278567,2092796,4509976,45.1,0.79,0.52,0.46,0.12,7,39,11,1,53.55,13.33,684,0,0,56.7,MEDIUM,CONDITIONAL APPROVAL,0
9,Gupta & Joshi Industries Pvt Ltd,Vikas Gupta,24BBBCM1035M2ZT,BBBCM1035M,Gujarat,Manufacturing,30782209,307.8,4741424,15.4,28806032,17664235,11141797,6362784,8912666,6532563,65.3,1.59,6.46,1.36,0.21,22,14,12,0,22.72,4.46,644,0,0,100.0,LOW,APPROVE,0
10,Joshi Technologies Ltd,Harish Kapoor,27MMMBS5033S3Z2,MMMBS5033S,Maharashtra,Logistics,16448987,164.5,1595980,9.7,7038442,6270314,768128,2138691,5262364,10610817,106.1,8.16,1.63,0.5,0.13,22,34,10,2,22.3,11.58,701,1,0,38.7,HIGH,HIGH RISK — COLLATERAL REQUIRED,1
11,Vikram Sinha Exports Pvt Ltd,Sunil Nair,24RRRFQ5345E2Z4,RRRFQ5345E,Gujarat,Chemicals,9087745,90.9,-167020,-1.84,7693405,4436702,3256704,1530203,977509,2485967,24.9,1.36,0.3,0.39,0.17,29,11,6,6,34.88,6.26,608,0,1,45.3,HIGH,HIGH RISK — COLLATERAL REQUIRED,0
12,Nair & Kumar Suppliers LLP,Rajesh Modi,27KKKFV5325Q2ZG,KKKFV5325Q,Maharashtra,Manufacturing,17970259,179.7,2128212,11.84,9357173,5017022,4340152,4181445,2993796,8738956,87.4,1.16,2.64,0.34,0.23,29,37,9,3,14.74,22.11,644,0,0,100.0,LOW,APPROVE,0
13,Deshpande Associates & Co,Anita Patel,24EEEAJ6974Z1ZM,EEEAJ6974Z,Gujarat,Manufacturing,6975159,69.8,1053412,15.1,2272094,1160391,1111702,573676,599378,3768419,37.7,1.04,3.03,0.16,0.08,14,39,7,5,16.97,5.96,471,0,0,99.1,LOW,APPROVE,0
14,Arjun Mishra Solutions LLP,Mohan Deshpande,36HHHGF2771M1ZU,HHHGF2771M,Telangana,Pharmaceuticals,25772664,257.7,1941051,7.53,15277235,7947111,7330124,3142594,6594379,8325855,83.3,1.08,2.53,0.79,0.12,16,50,12,0,27.86,17.24,621,0,0,94.0,LOW,APPROVE,0
15,Modi Brothers & Co,Paresh Chopra,33IIICS5349B1ZR,IIICS5349B,Tamil Nadu,Logistics,16358554,163.6,682314,4.17,7740262,6034426,1705836,2046824,1080415,10277273,102.8,3.54,0.72,0.11,0.13,21,31,11,1,10.91,9.22,567,0,1,59.9,MEDIUM,CONDITIONAL APPROVAL,0
16,Deepak Works & Co,Kiran Tiwari,03QQQGV7691K2ZI,QQQGV7691K,Punjab,Manufacturing,22228018,222.3,727364,3.27,7103210,2342346,4760863,982532,802722,10703257,107.0,0.49,0.74,0.07,0.04,16,67,3,9,15.51,16.49,708,1,0,50.9,HIGH,CONDITIONAL APPROVAL,0
17,Rao & Tandon Works Pvt Ltd,Anita Mishra,36ZZZCV2389J3ZL,ZZZCV2389J,Telangana,IT/ITES,3214491,32.1,665565,20.71,1881318,1263953,617365,854514,1498598,2058105,20.6,2.05,3.5,0.73,0.27,18,24,7,5,12.4,21.61,567,0,0,100.0,LOW,APPROVE,0
18,Joshi & Sethi Works,Pooja Kumar,33YYYBY7965H1ZX,YYYBY7965H,Tamil Nadu,IT/ITES,6970080,69.7,846612,12.15,3657137,2964027,693110,1201004,2295944,2563266,25.6,4.28,3.58,0.9,0.17,16,13,10,2,21.09,14.79,509,0,0,87.1,LOW,APPROVE,0
19,Joshi Technologies & Co,Dinesh Bhatia,33QQQJU4919I2Z4,QQQJU4919I,Tamil Nadu,Retail,12312160,123.1,855751,6.95,4871991,2494379,2377611,1971343,998916,2091626,20.9,1.05,3.76,0.48,0.16,23,79,10,2,6.07,7.13,893,0,0,100.0,LOW,APPROVE,0
20,Iyer & Chopra Trading Co Pvt Ltd,Manish Khanna,36YYYTW1320Y3ZO,YYYTW1320Y,Telangana,IT/ITES,14351172,143.5,4131845,28.79,9683970,5717696,3966274,3341888,4583379,2200827,22.0,1.44,10.72,2.08,0.23,17,16,8,4,16.11,39.0,623,0,0,100.0,LOW,APPROVE,0
21,Mukesh Trading Co Ltd,Ganesh Tandon,29SSSTV1444C3ZR,SSSTV1444C,Karnataka,Pharmaceuticals,19134702,191.3,1452101,7.59,14152312,11129554,3022758,7210830,14293896,10713499,107.1,3.68,1.47,1.33,0.38,14,30,8,4,9.04,17.0,447,0,0,71.9,MEDIUM,APPROVE WITH CONDITIONS,0
22,Kapil Rao Traders LLP,Vikas Bhatt,24UUUAY1508H1Z1,UUUAY1508H,Gujarat,Textile,35723698,357.2,3215255,9.0,19021997,14767955,4254042,7558476,18831085,13860219,138.6,3.47,2.51,1.36,0.21,8,53,5,7,29.02,39.13,732,0,0,77.7,LOW,APPROVE WITH CONDITIONS,0
23,Kulkarni & Shah Solutions LLP,Naresh Chopra,27WWWFC4978D3ZJ,WWWFC4978D,Maharashtra,Manufacturing,52482263,524.8,5993617,11.42,31813925,5584310,26229615,4012877,5276195,32777042,327.8,0.21,1.98,0.16,0.08,4,87,12,0,50.66,25.83,754,0,0,74.7,MEDIUM,APPROVE WITH CONDITIONS,0
24,Vikram Associates LLP,Deepak Arora,09IIITZ9817Y2ZT,IIITZ9817Y,Uttar Pradesh,Chemicals,44799255,448.0,5098718,11.38,18285035,4655367,13629668,2444890,5782216,25442078,254.4,0.34,2.17,0.23,0.05,28,49,8,4,25.53,17.47,702,0,0,81.8,LOW,APPROVE,0
25,Tandon Products,Harish Sinha,09IIIPA9464G1ZF,IIIPA9464G,Uttar Pradesh,Food Processing,4002447,40.0,391624,9.78,3592273,1528611,2063663,755328,1457007,1268876,12.7,0.74,3.34,1.15,0.19,7,89,11,1,18.93,5.21,554,0,0,100.0,LOW,APPROVE,0
26,Ritu Exports,Arjun Sinha,29IIIGI4777D3ZC,IIIGI4777D,Karnataka,Retail,11932656,119.3,261797,2.19,4374796,3514958,859838,2106654,2023754,5469831,54.7,4.09,0.52,0.37,0.18,19,104,11,1,12.23,19.58,717,0,0,60.4,MEDIUM,CONDITIONAL APPROVAL,0
27,Rajesh Desai Trading Co LLP,Ramesh Singh,36RRRGW3068U2Z6,RRRGW3068U,Telangana,Pharmaceuticals,62649970,626.5,-1424615,-2.27,22106436,16359747,5746689,7942062,6580288,31076692,310.8,2.85,0.3,0.21,0.13,29,46,7,5,29.85,25.53,528,0,0,56.2,MEDIUM,CONDITIONAL APPROVAL,0
28,Gupta Works,Vikram Yadav,36TTTTH9561M2ZS,TTTTH9561M,Telangana,Pharmaceuticals,28768335,287.7,-189681,-0.66,10832250,8680947,2151302,6318982,14217445,7015481,70.2,4.04,0.3,2.03,0.22,24,89,5,7,5.48,15.54,471,0,0,60.7,MEDIUM,CONDITIONAL APPROVAL,0
29,Mishra Brothers Pvt Ltd,Harish Desai,27BBBFJ5632W2Z4,BBBFJ5632W,Maharashtra,Logistics,31835495,318.4,3216959,10.1,12905070,10655885,2249185,8389926,7989754,16513486,165.1,4.74,2.11,0.48,0.26,8,21,8,4,36.34,39.6,596,0,0,60.8,MEDIUM,CONDITIONAL APPROVAL,0
30,Iyer & Sharma Associates Pvt Ltd,Pooja Iyer,27RRRJO2317T1ZR,RRRJO2317T,Maharashtra,Retail,16976426,169.8,256449,1.51,6203245,4635387,1567858,1837086,3761174,4418151,44.2,2.96,0.63,0.85,0.11,11,45,7,5,11.84,23.93,602,0,0,53.5,HIGH,CONDITIONAL APPROVAL,0
31,Divya Desai Products LLP,Neha Bhatia,29KKKHV2713F2ZQ,KKKHV2713F,Karnataka,Pharmaceuticals,36799990,368.0,2760155,7.5,12129401,4364159,7765242,3271261,7331586,6543140,65.4,0.56,4.57,1.12,0.09,26,38,3,9,32.15,36.6,487,1,0,71.1,MEDIUM,APPROVE WITH CONDITIONS,0
32,Bhatia & Jain Manufacturers Pvt Ltd,Anil Singh,27BBBFI9998E2ZS,BBBFI9998E,Maharashtra,Textile,15657982,156.6,986387,6.3,5573251,1930887,3642364,1229023,1670185,4347723,43.5,0.53,2.46,0.38,0.08,17,20,5,7,14.57,25.83,476,0,0,88.0,LOW,APPROVE,0
33,Desai & Bhatt Solutions & Co,Kapil Sethi,29HHHJR3369M1ZW,HHHJR3369M,Karnataka,Retail,16008949,160.1,695147,4.34,5636365,1148699,4487666,932421,670719,6003825,60.0,0.26,1.25,0.11,0.06,22,13,8,4,22.23,27.72,633,0,0,82.8,LOW,APPROVE,0
34,Priya Products,Naresh Sethi,33KKKFW4912S2ZE,KKKFW4912S,Tamil Nadu,Logistics,8770897,87.7,367851,4.19,4976595,4090058,886538,1340431,3415264,3845517,38.5,4.61,1.04,0.89,0.15,6,67,10,2,10.03,33.84,500,0,0,57.7,MEDIUM,CONDITIONAL APPROVAL,0
35,Divya Solutions & Co,Arjun Jain,06CCCJZ5342K3ZP,CCCJZ5342K,Haryana,Manufacturing,39155570,391.6,157243,0.4,16648706,10944099,5704606,9281812,19593842,20956986,209.6,1.92,0.3,0.93,0.24,25,79,8,4,54.13,21.25,642,0,0,49.0,HIGH,HIGH RISK — COLLATERAL REQUIRED,0
36,Rao Fabrics LLP,Divya Singh,29JJJAB6314Z1ZI,JJJAB6314Z,Karnataka,IT/ITES,14660851,146.6,4014189,27.38,6413335,1866483,4546853,1038444,1582992,2305911,23.1,0.41,18.86,0.69,0.07,18,7,7,5,16.02,17.5,537,1,0,100.0,LOW,APPROVE,0
37,Rakesh Brothers LLP,Kiran Desai,29OOOGV9955F1ZS,OOOGV9955F,Karnataka,Food Processing,25524024,255.2,1619240,6.34,18775853,16902170,1873683,9105684,7224554,9049353,90.5,9.02,1.54,0.8,0.36,26,29,8,4,7.31,51.89,532,0,0,35.0,HIGH,HIGH RISK — COLLATERAL REQUIRED,1
38,Arjun Mishra Works Ltd,Kiran Joshi,08BBBTX9138J1ZM,BBBTX9138J,Rajasthan,Textile,11310290,113.1,304420,2.69,10716205,9207572,1508633,3686269,10026587,4117986,41.2,6.1,0.72,2.43,0.33,15,12,10,2,6.32,53.79,718,0,0,62.6,MEDIUM,CONDITIONAL APPROVAL,0
39,Anil Kapoor Enterprises Pvt Ltd,Rajan Modi,27QQQGF5210P2ZL,QQQGF5210P,Maharashtra,IT/ITES,20677785,206.8,5821758,28.15,7226272,2728953,4497319,2162098,5324074,10065393,100.7,0.61,6.27,0.53,0.1,15,50,6,6,14.97,25.02,386,0,0,100.0,LOW,APPROVE,0
40,Harish Products LLP,Divya Modi,29LLLBV4830P1ZZ,LLLBV4830P,Karnataka,Retail,6142984,61.4,364486,5.93,4856882,2629915,2226967,1383762,2803134,1284567,12.8,1.18,2.28,2.18,0.23,29,592,9,3,9.17,19.24,715,0,0,100.0,LOW,APPROVE,0
41,Pooja Manufacturers Ltd,Ramesh Khanna,24XXXPN3531N3Z6,XXXPN3531N,Gujarat,Manufacturing,12528500,125.3,1525649,12.18,3966263,3268946,697317,1016684,654507,4306462,43.1,4.69,3.84,0.15,0.08,2,22,10,2,27.67,59.22,900,0,0,69.2,MEDIUM,APPROVE WITH CONDITIONS,0
42,Tiwari Works Pvt Ltd,Rajan Yadav,33GGGEU1349B2ZF,GGGEU1349B,Tamil Nadu,Auto Components,30316987,303.2,2412558,7.96,15630285,8348705,7281580,5367679,3462930,9468134,94.7,1.15,2.76,0.37,0.18,2,25,10,2,9.5,45.33,706,0,1,74.8,MEDIUM,APPROVE WITH CONDITIONS,0
43,Naresh Trading Co & Co,Neha Patel,27AAACI1858E3ZQ,AAACI1858E,Maharashtra,Manufacturing,29569613,295.7,4658799,15.76,18746999,16385876,2361124,7099040,6872030,18548335,185.5,6.94,2.72,0.37,0.24,25,107,12,0,21.28,3.36,667,0,0,86.2,LOW,APPROVE,0
44,Sunil Iyer Works,Mukesh Chopra,08OOOBC6277T1Z4,OOOBC6277T,Rajasthan,Textile,13137585,131.4,1041884,7.93,5618999,4043797,1575202,3193558,3526513,5072740,50.7,2.57,2.23,0.7,0.24,29,58,8,4,17.13,50.72,610,1,0,80.4,LOW,APPROVE,0
45,Gupta & Kulkarni Products Pvt Ltd,Ashish Chopra,07KKKLK5176L1ZU,KKKLK5176L,Delhi,Retail,13262559,132.6,445285,3.36,13084551,5159547,7925004,2165325,1748910,8311030,83.1,0.65,0.58,0.21,0.16,21,77,5,7,13.92,9.26,524,0,0,74.3,MEDIUM,APPROVE WITH CONDITIONS,0
46,Suresh Works,Manish Deshpande,33VVVJH2773L3ZN,VVVJH2773L,Tamil Nadu,Textile,11045758,110.5,625940,5.67,3801411,2872599,928813,1871525,2403436,7166887,71.7,3.09,0.95,0.34,0.17,24,16,7,5,22.67,29.08,779,0,0,77.7,LOW,APPROVE WITH CONDITIONS,0
47,Neha Kulkarni Traders Ltd,Ganesh Iyer,27UUUAC9691G2ZQ,UUUAC9691G,Maharashtra,Textile,7748947,77.5,658806,8.5,3377324,2410774,966550,1378731,3590382,1982624,19.8,2.49,3.6,1.81,0.18,7,70,6,6,22.1,27.6,564,0,0,93.7,LOW,APPROVE,0
48,Harish Sharma Manufacturers LLP,Divya Chopra,33DDDHN2816J3ZV,DDDHN2816J,Tamil Nadu,Retail,6606133,66.1,243623,3.69,4843474,1631418,3212057,1148343,1952167,1695147,17.0,0.51,1.56,1.15,0.17,3,56,11,1,14.5,20.34,725,0,0,76.1,LOW,APPROVE WITH CONDITIONS,0
49,Suresh Kapoor Technologies Pvt Ltd,Satish Kumar,27ZZZHC7505X1ZR,ZZZHC7505X,Maharashtra,Pharmaceuticals,47617041,476.2,3338397,7.01,18243238,10081840,8161398,4629480,7421694,30304536,303.0,1.24,1.19,0.24,0.1,10,11,3,9,9.75,8.73,673,0,0,76.0,LOW,APPROVE WITH CONDITIONS,0
50,Kumar Enterprises & Co,Vikram Mehta,27HHHLS7560Q1ZP,HHHLS7560Q,Maharashtra,Steel,93313918,933.1,2176527,2.33,75988483,45082165,30906318,32340930,24040048,37612034,376.1,1.46,0.58,0.64,0.35,10,27,11,1,21.63,23.17,764,1,0,63.0,MEDIUM,CONDITIONAL APPROVAL,0
51,Harish Associates Ltd,Neha Sethi,36FFFEP8601Y3ZS,FFFEP8601Y,Telangana,Pharmaceuticals,76219206,762.2,9494108,12.46,24940933,11435778,13505155,5772425,6267276,30066607,300.7,0.85,3.42,0.21,0.08,1,32,9,3,11.66,46.78,724,0,0,80.5,LOW,APPROVE,0
52,Mahesh Sethi Technologies & Co,Deepak Sharma,24CCCTT9307M2ZZ,CCCTT9307M,Gujarat,Textile,10774358,107.7,340827,3.16,10414727,4869744,5544983,2618286,7130008,4052317,40.5,0.88,0.91,1.76,0.24,28,8,6,6,12.12,33.08,591,0,0,86.3,LOW,APPROVE,0
53,Singh & Deshpande Exports,Sunil Jain,29JJJLN6543V3Z3,JJJLN6543V,Karnataka,Food Processing,14673008,146.7,863086,5.88,10789324,8870268,1919055,6996243,8793366,4508925,45.1,4.62,1.07,1.95,0.48,17,16,9,3,32.52,7.45,620,0,0,53.3,HIGH,CONDITIONAL APPROVAL,0
54,Paresh Patel International Ltd,Mahesh Kulkarni,24XXXEQ2531U3ZR,XXXEQ2531U,Gujarat,Auto Components,47797735,478.0,5577273,11.67,34191942,23732132,10459810,18888337,49680933,7387097,73.9,2.27,2.56,6.73,0.4,26,26,5,7,37.62,7.36,615,1,0,68.6,MEDIUM,APPROVE WITH CONDITIONS,0
55,Mishra & Sinha Products & Co,Neha Desai,21TTTCX8170B2ZN,TTTCX8170B,Odisha,Steel,23022862,230.2,1490291,6.47,8685912,2682846,6003066,2081210,2575343,5506280,55.1,0.45,2.93,0.47,0.09,19,73,7,5,12.36,18.43,862,0,0,100.0,LOW,APPROVE,0
56,Kapil Solutions LLP,Suresh Bhatia,33IIIAU8873L3Z6,IIIAU8873L,Tamil Nadu,IT/ITES,19406152,194.1,3358044,17.3,10388663,5167477,5221186,2483181,1886059,11352841,113.5,0.99,3.2,0.17,0.13,22,44,10,2,22.13,26.55,694,0,0,85.1,LOW,APPROVE,0
57,Verma Associates,Kapil Chopra,08AAAHD6493Z1Z8,AAAHD6493Z,Rajasthan,Textile,14689625,146.9,1365019,9.29,7720637,6313124,1407513,5021573,13251994,5020674,50.2,4.49,2.36,2.64,0.34,10,40,9,3,38.03,4.29,578,0,0,77.2,LOW,APPROVE WITH CONDITIONS,0
58,Suresh Rao Suppliers Pvt Ltd,Paresh Agarwal,03TTTJC2816P3ZY,TTTJC2816P,Punjab,Manufacturing,36399306,364.0,3060788,8.41,32266642,13258848,19007794,5374298,8920292,21214335,212.1,0.7,1.56,0.42,0.15,5,47,7,5,48.59,29.51,577,0,0,66.9,MEDIUM,APPROVE WITH CONDITIONS,0
59,Kulkarni Solutions,Dinesh Kapoor,27IIIAL2106L1Z6,IIIAL2106L,Maharashtra,Logistics,22189805,221.9,1456947,6.57,7354157,1705044,5649113,1434395,3146179,11918712,119.2,0.3,1.32,0.26,0.06,12,6,10,2,59.29,32.19,745,0,0,65.9,MEDIUM,APPROVE WITH CONDITIONS,0
60,Sethi & Malhotra International Pvt Ltd,Divya Sinha,33JJJPM9897P2Z2,JJJPM9897P,Tamil Nadu,Textile,11852578,118.5,569549,4.81,5537779,4945042,592736,3442765,5240934,3296749,33.0,8.34,1.43,1.59,0.29,2,72,7,5,13.28,1.51,660,0,0,38.2,HIGH,HIGH RISK — COLLATERAL REQUIRED,1
61,Pooja International LLP,Ramesh Agarwal,07FFFPJ6262D1ZK,FFFPJ6262D,Delhi,Logistics,13345142,133.5,501304,3.76,4191689,3739699,451990,2008370,1811569,8588267,85.9,8.27,0.63,0.21,0.15,1,27,10,2,4.98,28.41,639,1,0,14.6,VERY HIGH,REJECT,1
62,Pooja International Ltd,Sunita Joshi,36TTTEZ8179B1Z4,TTTEZ8179B,Telangana,IT/ITES,8398995,84.0,953737,11.36,3533199,2529436,1003763,932853,744884,3598207,36.0,2.52,2.87,0.21,0.11,19,10,12,0,24.34,4.99,512,1,1,61.7,MEDIUM,CONDITIONAL APPROVAL,0
63,Pooja Traders,Ashish Agarwal,33RRRBI5264W2ZD,RRRBI5264W,Tamil Nadu,Auto Components,41052984,410.5,1873584,4.56,15871712,4479631,11392082,1731286,3615673,16696957,167.0,0.39,1.22,0.22,0.04,19,14,10,2,37.1,37.58,585,0,0,64.2,MEDIUM,CONDITIONAL APPROVAL,0
64,Verma & Jain Enterprises Ltd,Ritu Bhatia,07UUUCZ6922Q1Z7,UUUCZ6922Q,Delhi,Logistics,17587257,175.9,897222,5.1,6603993,4791408,1812585,1888775,4166197,5299395,53.0,2.64,1.83,0.79,0.11,29,18,10,2,30.11,43.24,606,0,0,82.9,LOW,APPROVE,0
65,Ramesh Modi Fabrics Pvt Ltd,Rajan Mishra,29QQQHE3981Y1ZR,QQQHE3981Y,Karnataka,IT/ITES,16118457,161.2,1922898,11.93,5896749,4672487,1224262,2321351,1205799,9181137,91.8,3.82,2.27,0.13,0.14,23,33,4,8,21.65,24.04,474,1,0,57.1,MEDIUM,CONDITIONAL APPROVAL,0
66,Anita Works,Harish Tandon,07FFFTS3526F3ZL,FFFTS3526F,Delhi,Logistics,21038291,210.4,2125402,10.1,7487402,6187888,1299514,4711669,5581676,10095894,101.0,4.76,2.28,0.55,0.22,13,17,6,6,23.03,21.35,744,0,0,79.7,LOW,APPROVE WITH CONDITIONS,0
67,Sinha Fabrics & Co,Kapil Mehta,29PPPJG6573T1ZK,PPPJG6573T,Karnataka,Food Processing,10846146,108.5,516575,4.76,6024980,4989812,1035169,2854949,6301768,5804921,58.0,4.82,0.96,1.09,0.26,17,37,9,3,28.48,28.94,651,1,0,46.1,HIGH,HIGH RISK — COLLATERAL REQUIRED,0
68,Neha Arora Technologies Ltd,Ramesh Desai,33FFFHS6123G1ZV,FFFHS6123G,Tamil Nadu,Textile,13481972,134.8,269967,2.0,8548742,6423937,2124804,4009387,6847328,3390672,33.9,3.02,0.58,2.02,0.3,13,14,9,3,15.81,30.42,739,0,0,78.8,LOW,APPROVE WITH CONDITIONS,0
69,Iyer & Modi Traders Pvt Ltd,Paresh Kulkarni,33IIIHY7606L1ZP,IIIHY7606L,Tamil Nadu,Retail,1903044,19.0,66045,3.47,770721,486036,284684,270879,538299,1075251,10.8,1.71,0.67,0.5,0.14,22,11,4,8,29.87,28.21,649,1,0,56.9,MEDIUM,CONDITIONAL APPROVAL,0
70,Bhatt & Kulkarni Fabrics & Co,Harish Tandon,07BBBAE6456Z2ZX,BBBAE6456Z,Delhi,Logistics,27671925,276.7,1820442,6.58,9546862,4521082,5025780,1593980,879659,4922138,49.2,0.9,4.01,0.18,0.06,28,5,4,8,18.25,13.71,596,0,0,85.7,LOW,APPROVE,0
71,Vikram Industries & Co,Anita Singh,33XXXEA8775I3ZE,XXXEA8775I,Tamil Nadu,Textile,14710566,147.1,346555,2.36,9745436,7063428,2682008,3322107,2769227,7625995,76.3,2.63,0.49,0.36,0.23,5,34,10,2,20.05,11.86,685,0,0,66.8,MEDIUM,APPROVE WITH CONDITIONS,0
72,Manish Fabrics Ltd,Harish Reddy,27XXXAW3262Q1ZZ,XXXAW3262Q,Maharashtra,IT/ITES,3828953,38.3,794004,20.74,1306598,1153171,153427,666931,1433638,2168971,21.7,7.52,3.97,0.66,0.17,10,26,11,1,24.97,20.54,513,0,0,74.5,MEDIUM,APPROVE WITH CONDITIONS,0
73,Deshpande & Sethi Products Ltd,Mukesh Mishra,06RRRGJ2996S3ZY,RRRGJ2996S,Haryana,Auto Components,14424399,144.2,1740164,12.06,4563860,3728004,835855,2316297,6060483,2518201,25.2,4.46,6.51,2.41,0.16,8,5,10,2,7.75,17.05,684,0,0,90.3,LOW,APPROVE,0
74,Shah & Kumar Brothers,Ritu Mishra,07SSSFH1831V3ZE,SSSFH1831V,Delhi,Logistics,25384453,253.8,1740028,6.85,7962426,6750992,1211434,5186898,9861068,14636333,146.4,5.57,1.29,0.67,0.2,14,32,7,5,0.33,23.23,433,1,0,45.1,HIGH,HIGH RISK — COLLATERAL REQUIRED,0
75,Mahesh Khanna Associates LLP,Manish Desai,06HHHPX1611F2ZB,HHHPX1611F,Haryana,Auto Components,11345095,113.5,941192,8.3,4515965,4072371,443594,1679761,2145611,4366985,43.7,9.18,2.33,0.49,0.15,9,91,8,4,54.3,26.75,858,0,0,51.5,HIGH,CONDITIONAL APPROVAL,0
76,Deepak Shah Suppliers Ltd,Sunita Mehta,33ZZZBK3662X2ZG,ZZZBK3662X,Tamil Nadu,Retail,9968130,99.7,621277,6.23,3318359,2614611,703748,1760159,3189921,6208299,62.1,3.72,1.08,0.51,0.18,28,29,9,3,37.54,31.32,581,0,0,59.9,MEDIUM,CONDITIONAL APPROVAL,0
77,Neha Exports Pvt Ltd,Paresh Reddy,27OOOGK5947S3Z0,OOOGK5947S,Maharashtra,Pharmaceuticals,35012166,350.1,5108237,14.59,14612898,12724439,1888460,10008678,19189795,12757123,127.6,6.74,4.34,1.5,0.29,19,71,6,6,14.05,23.93,711,1,0,58.1,MEDIUM,CONDITIONAL APPROVAL,0
78,Mishra & Singh Traders Ltd,Anil Tiwari,27WWWPP9806Z3ZD,WWWPP9806Z,Maharashtra,Food Processing,8309730,83.1,586785,7.06,3615270,2894944,720327,2007297,1793971,1680570,16.8,4.02,2.53,1.07,0.24,21,148,7,5,17.66,50.79,663,0,0,82.0,LOW,APPROVE,0
79,Agarwal & Gupta Technologies Pvt Ltd,Mahesh Desai,27QQQLO1945R2ZJ,QQQLO1945R,Maharashtra,Steel,60664960,606.6,-619458,-1.02,24225876,11241845,12984030,6972186,7476118,29156592,291.6,0.87,0.3,0.26,0.11,18,61,10,2,18.8,37.3,492,0,0,70.6,MEDIUM,APPROVE WITH CONDITIONS,0
80,Patel & Bhatt Trading Co,Priya Reddy,27NNNHM8348M2Z5,NNNHM8348M,Maharashtra,IT/ITES,18399387,184.0,2478302,13.47,17841921,10374112,7467809,8603174,13450356,6556345,65.6,1.39,2.5,2.05,0.47,10,5,7,5,9.92,23.71,697,0,0,97.3,LOW,APPROVE,0
81,Sharma Trading Co & Co,Ramesh Verma,29DDDAZ7868T1ZF,DDDAZ7868T,Karnataka,Food Processing,13523244,135.2,494151,3.65,9180684,2735348,6445336,1522266,1830240,4930511,49.3,0.42,1.09,0.37,0.11,7,35,8,4,37.57,19.75,659,0,0,66.7,MEDIUM,APPROVE WITH CONDITIONS,0
82,Chopra & Arora Industries Ltd,Satish Bhatia,07YYYEK4881J1ZX,YYYEK4881J,Delhi,Logistics,4686856,46.9,328722,7.01,1766757,826032,940726,484907,952825,1252105,12.5,0.88,2.84,0.76,0.1,10,121,10,2,3.8,34.01,681,0,0,98.2,LOW,APPROVE,0
83,Anita Bhatia Fabrics & Co,Rakesh Gupta,27HHHGW3365Z2Z3,HHHGW3365Z,Maharashtra,IT/ITES,20951549,209.5,5216145,24.9,18730551,15107845,3622706,7021763,13574979,8058908,80.6,4.17,6.44,1.68,0.34,12,40,5,7,15.58,22.53,573,0,0,84.5,LOW,APPROVE,0
84,Vikram Suppliers & Co,Kiran Malhotra,24YYYTX4555P1ZL,YYYTX4555P,Gujarat,Auto Components,15884579,158.8,1939825,12.21,14666604,5470303,9196302,2879349,4875484,2649948,26.5,0.59,5.84,1.84,0.18,19,10,10,2,6.73,21.65,434,0,0,100.0,LOW,APPROVE,0
85,Singh Industries Ltd,Divya Kulkarni,29ZZZJY6246G2ZK,ZZZJY6246G,Karnataka,Retail,12878990,128.8,491454,3.82,4952114,3600686,1351428,1822314,4790350,7269738,72.7,2.66,0.73,0.66,0.14,6,101,5,7,21.36,34.59,598,0,0,64.3,MEDIUM,CONDITIONAL APPROVAL,0
86,Agarwal Solutions,Dinesh Singh,24ZZZHF3293X3ZV,ZZZHF3293X,Gujarat,Auto Components,49087318,490.9,6254234,12.74,18702319,10257602,8444717,4649694,4023665,12165465,121.7,1.21,5.57,0.33,0.09,28,20,12,0,9.2,4.65,696,0,0,100.0,LOW,APPROVE,0
87,Iyer Fabrics Ltd,Vikram Mishra,27TTTJV8993A1ZY,TTTJV8993A,Maharashtra,Textile,33549844,335.5,3012095,8.98,24925557,15184542,9741015,10450991,18065967,16421022,164.2,1.56,1.99,1.1,0.31,26,28,12,0,4.69,29.6,635,0,0,97.1,LOW,APPROVE,0
88,Shah & Kumar Enterprises LLP,Manish Mehta,22MMMJS4984W1ZJ,MMMJS4984W,Chhattisgarh,Steel,73317213,733.2,2079596,2.84,29933586,19555260,10378326,14983722,41699051,35903200,359.0,1.88,0.63,1.16,0.2,11,10,12,0,6.36,27.79,336,0,0,59.7,MEDIUM,CONDITIONAL APPROVAL,0
89,Bhatt & Kumar Works Pvt Ltd,Manish Malhotra,27IIIAC5593R3Z2,IIIAC5593R,Maharashtra,Logistics,5486994,54.9,551793,10.06,2137796,1748963,388832,1145894,882887,3424733,34.2,4.5,1.75,0.26,0.21,2,420,7,5,17.58,15.34,594,0,0,45.2,HIGH,HIGH RISK — COLLATERAL REQUIRED,0
90,Kavita Traders,Vikram Agarwal,24CCCHT7499Y2Z1,CCCHT7499Y,Gujarat,Pharmaceuticals,48494547,484.9,5331448,10.99,18728438,15311731,3416707,10959446,21733992,12958927,129.6,4.48,4.22,1.68,0.23,29,42,11,1,20.35,24.75,656,1,0,81.6,LOW,APPROVE,0
91,Pooja Fabrics & Co,Ganesh Joshi,03KKKHD2499A2ZS,KKKHD2499A,Punjab,Manufacturing,39982634,399.8,5316970,13.3,17091940,12533008,4558932,4728975,11823798,19509364,195.1,2.75,2.95,0.61,0.12,4,96,12,0,17.24,39.87,554,0,0,86.3,LOW,APPROVE,0
92,Vikas Brothers Ltd,Rajan Rao,29HHHTQ3778V2ZA,HHHTQ3778V,Karnataka,IT/ITES,18242899,182.4,1960632,10.75,6449718,3568326,2881392,1876169,4675594,9508386,95.1,1.24,2.23,0.49,0.1,4,29,12,0,9.54,1.66,550,1,0,74.1,MEDIUM,APPROVE WITH CONDITIONS,0
93,Deepak Brothers Ltd,Priya Iyer,07TTTLZ6399O2ZR,TTTLZ6399O,Delhi,Retail,2890821,28.9,136452,4.72,1422353,455667,966687,223932,290429,1294626,12.9,0.47,1.14,0.22,0.08,17,24,12,0,39.96,42.71,642,1,0,71.9,MEDIUM,APPROVE WITH CONDITIONS,0
94,Kiran Agarwal Solutions LLP,Pooja Tandon,36VVVPA8563W1ZS,VVVPA8563W,Telangana,IT/ITES,9777301,97.8,-140521,-1.44,3203677,651018,2552658,273714,500582,1785015,17.9,0.26,0.3,0.28,0.03,12,11,9,3,31.8,16.72,736,0,0,62.3,MEDIUM,CONDITIONAL APPROVAL,0
95,Naresh Rao Products,Rajesh Mehta,27BBBHW9796T3Z5,BBBHW9796T,Maharashtra,Steel,104762147,1047.6,5026676,4.8,95440512,51914459,43526053,31951872,85293568,53581389,535.8,1.19,1.02,1.59,0.3,29,31,10,2,18.4,29.74,639,0,0,72.5,MEDIUM,APPROVE WITH CONDITIONS,0
96,Singh & Deshpande Exports Ltd,Mukesh Tandon,33OOOHM8586Y3ZW,OOOHM8586Y,Tamil Nadu,Auto Components,44946590,449.5,3394669,7.55,41141098,22881243,18259855,17322742,40493977,14882453,148.8,1.25,1.7,2.72,0.39,26,9,7,5,8.72,4.63,777,0,0,91.4,LOW,APPROVE,0
97,Yadav & Yadav Products,Sunita Patel,09BBBBA6620U1ZA,BBBBA6620U,Uttar Pradesh,Chemicals,23562811,235.6,-352847,-1.5,7844716,6496040,1348675,4445808,11468351,13021376,130.2,4.82,0.3,0.88,0.19,8,23,7,5,13.6,22.83,678,0,1,38.5,HIGH,HIGH RISK — COLLATERAL REQUIRED,1
98,Paresh Joshi Manufacturers LLP,Ashish Deshpande,21IIIBS2667Z3ZB,IIIBS2667Z,Odisha,Steel,131791525,1317.9,11783681,8.94,105775016,32205800,73569216,26284897,60859814,28347992,283.5,0.44,3.89,2.15,0.2,22,230,5,7,12.68,32.65,439,1,0,97.3,LOW,APPROVE,0
99,Singh Fabrics LLP,Vikas Arora,07CCCEE6131D1ZJ,CCCEE6131D,Delhi,Retail,15628939,156.3,616352,3.94,15422535,3848034,11574501,1381199,1935023,6949187,69.5,0.33,0.96,0.28,0.09,12,11,7,5,28.53,29.46,604,0,0,66.9,MEDIUM,APPROVE WITH CONDITIONS,0
100,Divya Traders Pvt Ltd,Arjun Desai,33AAAJE4196M3ZW,AAAJE4196M,Tamil Nadu,Auto Components,40494533,404.9,3760670,9.29,32301544,22091118,10210426,15408977,17185282,22678140,226.8,2.16,1.8,0.76,0.38,25,142,12,0,13.04,25.98,373,0,0,80.9,LOW,APPROVE,0
101,Rao Exports Pvt Ltd,Mukesh Deshpande,29SSSBI9898L3Z2,SSSBI9898L,Karnataka,Pharmaceuticals,89104106,891.0,14901966,16.72,32396652,27413650,4983002,22957650,17356510,22816238,228.2,5.5,5.63,0.76,0.26,24,46,9,3,11.82,22.14,703,0,0,89.9,LOW,APPROVE,0
102,Desai Works Ltd,Sunil Rao,27BBBTL9720I3ZY,BBBTL9720I,Maharashtra,Steel,80489440,804.9,6744944,8.38,25924188,5813261,20110927,4248347,6342375,22215314,222.2,0.29,3.29,0.29,0.05,16,68,8,4,34.72,21.96,691,0,0,98.7,LOW,APPROVE,0
103,Neha Trading Co Ltd,Dinesh Khanna,36SSSEI7786M2Z4,SSSEI7786M,Telangana,Pharmaceuticals,59243133,592.4,3694154,6.24,26177216,21111777,5065439,6516026,10119525,9637011,96.4,4.17,4.15,1.05,0.11,2,71,10,2,33.16,47.82,590,0,0,69.1,MEDIUM,APPROVE WITH CONDITIONS,0
104,Pooja Trading Co Pvt Ltd,Vikas Iyer,29RRRTE8951Z2Z3,RRRTE8951Z,Karnataka,Food Processing,19732190,197.3,1691174,8.57,19039407,11353634,7685773,5831624,13923313,7411055,74.1,1.48,2.47,1.88,0.3,15,49,10,2,29.67,9.63,495,0,0,94.8,LOW,APPROVE,0
105,Arjun Fabrics,Anil Chopra,03MMMEJ4836N3Z5,MMMEJ4836N,Punjab,Manufacturing,20620987,206.2,1580372,7.66,8894332,7161290,1733042,3353865,3357011,6466742,64.7,4.13,2.65,0.52,0.16,1,12,10,2,15.45,31.86,573,0,0,82.6,LOW,APPROVE,0
106,Singh & Bhatia Works,Mukesh Jain,29KKKHJ3246M1Z9,KKKHJ3246M,Karnataka,Pharmaceuticals,23298236,233.0,-817485,-3.51,22342913,7125438,15217474,3019633,4362728,13709241,137.1,0.47,0.3,0.32,0.13,8,25,9,3,9.31,19.37,485,0,1,28.0,VERY HIGH,REJECT,1
107,Desai & Gupta Associates Pvt Ltd,Priya Modi,24KKKCH5537U1ZF,KKKCH5537U,Gujarat,Manufacturing,38892433,388.9,5105352,13.13,14925305,11106094,3819211,7145489,7477960,15620571,156.2,2.91,3.54,0.48,0.18,21,54,12,0,8.85,37.78,702,0,0,100.0,LOW,APPROVE,0
108,Rajesh Exports Pvt Ltd,Anita Chopra,29LLLHE7337S2ZN,LLLHE7337S,Karnataka,Food Processing,28484080,284.8,583647,2.05,12976423,4212050,8764372,1657070,1233694,17186473,171.9,0.48,0.37,0.07,0.06,15,93,12,0,27.17,14.12,539,0,1,47.8,HIGH,HIGH RISK — COLLATERAL REQUIRED,0
109,Dinesh Bhatt Suppliers LLP,Harish Yadav,29CCCPG3545R2ZP,CCCPG3545R,Karnataka,IT/ITES,22907942,229.1,7176993,31.33,21398453,8503005,12895448,3347022,3134340,14048302,140.5,0.66,5.53,0.22,0.15,13,158,4,8,3.08,23.39,602,1,1,90.3,LOW,APPROVE,0
110,Mohan Fabrics Pvt Ltd,Ramesh Arora,27QQQPZ5247F2Z8,QQQPZ5247F,Maharashtra,Manufacturing,20214953,202.1,1688803,8.35,7043323,5757029,1286293,2712625,4537552,11755268,117.6,4.48,1.56,0.39,0.13,3,14,9,3,8.64,25.36,479,1,0,48.5,HIGH,HIGH RISK — COLLATERAL REQUIRED,0
111,Bhatia & Reddy International Pvt Ltd,Satish Iyer,21XXXBH9336A1Z0,XXXBH9336A,Odisha,Steel,37290827,372.9,2030759,5.45,15113820,8417558,6696263,3699785,6052663,17129306,171.3,1.26,1.28,0.35,0.1,18,5,4,8,13.76,17.34,484,1,0,52.0,HIGH,CONDITIONAL APPROVAL,0
112,Rao & Kapoor International & Co,Rakesh Rao,03QQQAM2129O2ZJ,QQQAM2129O,Punjab,Manufacturing,18545038,185.5,-869399,-4.69,8024433,3253793,4770640,1487222,2979192,8860503,88.6,0.68,0.3,0.34,0.08,2,10,10,2,12.22,27.5,648,1,0,40.4,HIGH,HIGH RISK — COLLATERAL REQUIRED,1
113,Iyer & Jain Industries Pvt Ltd,Paresh Kapoor,24WWWAK1023Y3ZO,WWWAK1023Y,Gujarat,Pharmaceuticals,57692826,576.9,6778540,11.75,18815170,13191734,5623436,4487050,11172257,21063729,210.6,2.35,3.49,0.53,0.08,10,16,10,2,37.3,14.86,494,0,0,79.5,LOW,APPROVE WITH CONDITIONS,0
114,Satish Khanna Suppliers,Kapil Mehta,27BBBLV3141H2ZG,BBBLV3141H,Maharashtra,Manufacturing,63881492,638.8,9382472,14.69,30083501,24543755,5539745,13983872,9375824,10691914,106.9,4.43,5.81,0.88,0.22,26,10,9,3,12.35,11.13,632,0,0,99.7,LOW,APPROVE,0
115,Vikas Bhatt Solutions,Harish Nair,29GGGJJ8591I1Z5,GGGJJ8591I,Karnataka,Pharmaceuticals,18507073,185.1,2626831,14.19,10102605,5176422,4926183,2232595,5828316,3498852,35.0,1.05,8.13,1.67,0.12,17,25,9,3,19.72,10.99,425,0,0,95.5,LOW,APPROVE,0
116,Sinha Products,Pooja Verma,24DDDJD3290D1Z3,DDDJD3290D,Gujarat,Pharmaceuticals,52709329,527.1,9617150,18.25,19729682,16496131,3233551,10686532,19917502,11088418,110.9,5.1,7.8,1.8,0.2,4,36,8,4,5.4,18.38,690,0,0,83.8,LOW,APPROVE,0
117,Rao & Desai Trading Co LLP,Ramesh Jain,03NNNLP1483M3ZR,NNNLP1483M,Punjab,Manufacturing,30432996,304.3,2575164,8.46,14118273,12587717,1530556,9068444,19634898,13162541,131.6,8.22,2.12,1.49,0.3,16,31,9,3,6.08,22.47,604,1,0,45.4,HIGH,HIGH RISK — COLLATERAL REQUIRED,0
118,Ritu Arora International & Co,Ritu Deshpande,24UUUPZ1319M3ZM,UUUPZ1319M,Gujarat,Auto Components,13002202,130.0,624682,4.8,5456254,3815631,1640623,1312222,1103815,2094221,20.9,2.33,3.23,0.53,0.1,19,86,10,2,20.2,9.83,525,0,0,84.2,LOW,APPROVE,0
119,Joshi Associates,Rakesh Arora,21ZZZAY4594S2ZM,ZZZAY4594S,Odisha,Steel,135082108,1350.8,8952953,6.63,45381646,36868673,8512973,19667175,16418272,76398318,764.0,4.33,1.27,0.21,0.15,1,32,8,4,53.48,37.62,466,0,0,22.7,VERY HIGH,REJECT,1
120,Kapil Works,Dinesh Sinha,07AAAPP1011K3ZC,AAAPP1011K,Delhi,Logistics,10045937,100.5,393257,3.91,9181724,1910010,7271714,1330918,855159,3859089,38.6,0.26,1.1,0.22,0.13,14,7,11,1,47.0,9.61,570,1,0,60.7,MEDIUM,CONDITIONAL APPROVAL,0
121,Ashish Reddy Products & Co,Deepak Joshi,29NNNEP6198F3ZZ,NNNEP6198F,Karnataka,IT/ITES,9711631,97.1,3076828,31.68,4713749,958409,3755341,449587,803236,5985921,59.9,0.26,5.57,0.13,0.05,1,22,8,4,9.21,23.51,578,0,0,90.4,LOW,APPROVE,0
122,Mehta & Shah Industries LLP,Anita Kumar,21CCCFL6234F3Z5,CCCFL6234F,Odisha,Steel,48356517,483.6,1446839,2.99,20008527,13751235,6257292,10246109,27283353,10653081,106.5,2.2,1.22,2.56,0.21,14,71,5,7,53.98,37.9,460,0,0,76.9,LOW,APPROVE WITH CONDITIONS,0
123,Manish Traders LLP,Ritu Patel,33ZZZTU4695F2Z4,ZZZTU4695F,Tamil Nadu,IT/ITES,12274596,122.7,2206998,17.98,4361735,1858648,2503087,624737,670266,5350737,53.5,0.74,4.47,0.13,0.05,19,32,3,9,6.09,13.75,713,0,0,100.0,LOW,APPROVE,0
124,Divya Traders Pvt Ltd,Ritu Mishra,27GGGLW9849I3ZI,GGGLW9849I,Maharashtra,IT/ITES,21169858,211.7,5319311,25.13,7917434,2499761,5417673,1165862,2442577,3269820,32.7,0.46,17.62,0.75,0.06,16,42,6,6,12.53,11.63,751,1,0,100.0,LOW,APPROVE,0
125,Pooja Industries Ltd,Ramesh Singh,27DDDGZ7512P2ZG,DDDGZ7512P,Maharashtra,Manufacturing,14803913,148.0,468862,3.17,5869440,4693269,1176171,2382833,5954940,5084794,50.8,3.99,1.0,1.17,0.16,6,23,8,4,10.14,23.3,571,0,0,66.5,MEDIUM,APPROVE WITH CONDITIONS,0
126,Jain Brothers,Vikas Tiwari,27HHHPB7342Q2ZY,HHHPB7342Q,Maharashtra,Manufacturing,15803995,158.0,1051754,6.65,7418023,5733024,1684999,1994939,4387337,5544907,55.4,3.4,2.05,0.79,0.13,7,225,9,3,17.17,45.49,742,0,0,75.7,LOW,APPROVE WITH CONDITIONS,0
127,Joshi Solutions Ltd,Naresh Mehta,27UUUCT5225K3Z4,UUUCT5225K,Maharashtra,Food Processing,11256863,112.6,101486,0.9,4835579,2371148,2464431,943031,1625583,3693554,36.9,0.96,0.3,0.44,0.08,5,18,6,6,32.16,32.33,587,0,0,51.2,HIGH,CONDITIONAL APPROVAL,0
128,Kulkarni & Rao Industries,Mohan Sinha,20IIILU8955S3ZU,IIILU8955S,Jharkhand,Steel,69011338,690.1,1887230,2.73,30761467,14143806,16617661,7294477,8154150,44319635,443.2,0.85,0.46,0.18,0.11,12,114,12,0,5.6,33.44,716,0,0,86.7,LOW,APPROVE,0
129,Jain Manufacturers LLP,Dinesh Bhatt,33WWWED4734E2ZS,WWWED4734E,Tamil Nadu,Textile,21090636,210.9,1825961,8.66,13729295,12043012,1686283,5413006,7703494,3557133,35.6,7.14,2.92,2.17,0.26,1,105,11,1,40.12,18.51,757,0,0,62.0,MEDIUM,CONDITIONAL APPROVAL,0
130,Rao & Sinha Trading Co & Co,Deepak Tandon,33GGGFB5087B2Z3,GGGFB5087B,Tamil Nadu,Logistics,26236561,262.4,1726090,6.58,9374526,3503124,5871402,2316607,5126152,9890397,98.9,0.6,1.89,0.52,0.09,20,6,5,7,21.95,43.77,653,0,1,71.3,MEDIUM,APPROVE WITH CONDITIONS,0
131,Iyer Products LLP,Rajesh Reddy,22CCCGA7333B1ZD,CCCGA7333B,Chhattisgarh,Steel,105804152,1058.0,5444967,5.15,60447124,24326750,36120373,19792898,11596832,42335654,423.4,0.67,1.39,0.27,0.19,28,96,12,0,14.06,9.76,531,0,0,79.9,LOW,APPROVE WITH CONDITIONS,0
132,Kiran Exports,Satish Iyer,06LLLJI4575O2ZX,LLLJI4575O,Haryana,Auto Components,13486207,134.9,1798998,13.34,8737713,6122304,2615409,3116105,1878133,4282709,42.8,2.34,4.55,0.44,0.23,18,18,9,3,21.12,19.16,780,0,0,99.1,LOW,APPROVE,0
133,Khanna Brothers,Ritu Deshpande,06ZZZTM6236V1Z1,ZZZTM6236V,Haryana,Auto Components,29224083,292.2,3222537,11.03,18924735,10942207,7982529,8881131,22979253,5215810,52.2,1.37,3.14,4.41,0.3,6,19,7,5,6.02,19.38,594,0,1,88.1,LOW,APPROVE,0
134,Sinha & Nair Works Ltd,Anil Tandon,07DDDJE5237X3ZB,DDDJE5237X,Delhi,Logistics,7224319,72.2,670587,9.28,5361390,4462553,898837,1451472,1856596,2571007,25.7,4.96,2.83,0.72,0.2,9,56,5,7,7.73,7.32,830,0,0,82.7,LOW,APPROVE,0
135,Deepak Associates Pvt Ltd,Ramesh Shah,24QQQGN1885E1ZC,QQQGN1885E,Gujarat,Textile,15486564,154.9,900587,5.82,9693637,5515126,4178511,2267089,1940069,6052829,60.5,1.32,1.61,0.32,0.15,24,68,9,3,18.25,15.33,662,1,0,66.4,MEDIUM,APPROVE WITH CONDITIONS,0
136,Sharma Fabrics Pvt Ltd,Arjun Deshpande,29ZZZBE8105U2ZP,ZZZBE8105U,Karnataka,Retail,1790234,17.9,44903,2.51,759525,670711,88814,415408,1118814,850794,8.5,7.55,0.57,1.32,0.23,22,122,10,2,26.38,12.93,714,0,0,41.7,HIGH,HIGH RISK — COLLATERAL REQUIRED,1
137,Verma International LLP,Sunil Tiwari,33BBBGJ8469X3ZX,BBBGJ8469X,Tamil Nadu,Auto Components,32038890,320.4,-539145,-1.68,15411442,12537545,2873897,6198438,6147742,13965912,139.7,4.36,0.3,0.44,0.19,22,255,10,2,6.43,9.37,416,0,1,40.2,HIGH,HIGH RISK — COLLATERAL REQUIRED,1
138,Modi Brothers LLP,Rajesh Bhatt,27UUUGY9761T1Z3,UUUGY9761T,Maharashtra,Textile,13846199,138.5,900289,6.5,5933728,5320600,613128,2533342,3951306,3665093,36.7,8.68,2.66,1.08,0.18,2,48,6,6,9.12,13.29,645,0,0,44.1,HIGH,HIGH RISK — COLLATERAL REQUIRED,1
139,Bhatia & Desai Traders Pvt Ltd,Mukesh Tandon,29DDDPX2928J1Z6,DDDPX2928J,Karnataka,IT/ITES,7711325,77.1,1403504,18.2,3220464,2881257,339207,1987424,2585356,1547414,15.5,8.49,6.12,1.67,0.26,11,239,8,4,14.93,32.97,631,0,0,72.9,MEDIUM,APPROVE WITH CONDITIONS,0
140,Neha Industries Pvt Ltd,Satish Chopra,27VVVJE2475Y3Z4,VVVJE2475Y,Maharashtra,Chemicals,27435746,274.4,-37863,-0.14,14056977,8891412,5165566,4226707,10487459,6814118,68.1,1.72,0.3,1.54,0.15,25,44,6,6,34.57,19.97,671,0,0,71.1,MEDIUM,APPROVE WITH CONDITIONS,0
141,Yadav Enterprises LLP,Anil Verma,27UUUCK6857O3ZH,UUUCK6857O,Maharashtra,Manufacturing,67253401,672.5,4957823,7.37,26979142,10533925,16445217,4816226,5214619,30774327,307.7,0.64,1.75,0.17,0.07,18,43,9,3,30.47,26.69,562,1,0,64.8,MEDIUM,CONDITIONAL APPROVAL,0
142,Modi Technologies LLP,Manish Mehta,27OOOCT7221Y2Z1,OOOCT7221Y,Maharashtra,Textile,39789086,397.9,-106384,-0.27,30046661,24077783,5968878,15212889,39207429,13883960,138.8,4.03,0.3,2.82,0.38,19,68,11,1,18.74,17.54,571,0,0,56.4,MEDIUM,CONDITIONAL APPROVAL,0
143,Iyer & Gupta Fabrics Pvt Ltd,Sunita Rao,27RRRTB1190U1ZW,RRRTB1190U,Maharashtra,IT/ITES,11206371,112.1,2945387,26.28,3801386,1561581,2239805,1139288,2458078,5355717,53.6,0.7,5.96,0.46,0.1,19,30,6,6,57.15,9.74,856,0,0,98.3,LOW,APPROVE,0
144,Bhatt Technologies & Co,Neha Kulkarni,06KKKBP1291D2ZQ,KKKBP1291D,Haryana,Manufacturing,18248267,182.5,1317404,7.22,14572424,10999867,3572557,5372297,2956150,6022119,60.2,3.08,2.13,0.49,0.29,26,62,12,0,8.35,10.86,797,1,0,64.8,MEDIUM,CONDITIONAL APPROVAL,0
145,Arora Traders,Neha Mishra,33VVVFA6592L3ZI,VVVFA6592L,Tamil Nadu,Logistics,30365705,303.7,3174085,10.45,13251976,3651606,9600370,2730215,6694438,7124036,71.2,0.38,4.83,0.94,0.09,20,109,10,2,16.14,33.3,648,0,1,100.0,LOW,APPROVE,0
146,Deepak Suppliers & Co,Priya Bhatia,24DDDJO9260E2Z0,DDDJO9260E,Gujarat,Chemicals,24795426,248.0,1054533,4.25,8770898,3017627,5753270,1447474,1532430,11267873,112.7,0.52,1.01,0.14,0.06,3,15,12,0,52.58,21.2,900,0,0,63.4,MEDIUM,CONDITIONAL APPROVAL,0
147,Sunil Suppliers,Ritu Bhatia,21EEECN9393J3ZZ,EEECN9393J,Odisha,Steel,35088610,350.9,2048091,5.84,13708068,5117506,8590562,3548505,8799684,5431413,54.3,0.6,4.09,1.62,0.1,14,37,12,0,4.53,22.41,893,0,0,100.0,LOW,APPROVE,0
148,Mehta & Reddy Suppliers,Vikram Desai,07MMMCB1927G2ZA,MMMCB1927G,Delhi,Logistics,25714802,257.1,1608188,6.25,8371244,4075478,4295766,1711771,1051286,10180156,101.8,0.95,1.71,0.1,0.07,20,35,9,3,17.51,37.03,676,1,1,59.5,MEDIUM,CONDITIONAL APPROVAL,0
149,Arjun Sinha Associates & Co,Priya Sharma,08RRRAA5117G3ZS,RRRAA5117G,Rajasthan,Textile,30806299,308.1,1174065,3.81,11883207,6281051,5602156,2401844,3520168,18662577,186.6,1.12,0.68,0.19,0.08,24,10,8,4,11.48,17.14,656,0,0,69.5,MEDIUM,APPROVE WITH CONDITIONS,0
150,Deshpande Enterprises,Anita Khanna,36KKKJW3536B1ZK,KKKJW3536B,Telangana,IT/ITES,13326824,133.3,1920583,14.41,10226795,9133374,1093421,3707094,8836287,4418531,44.2,8.35,4.49,2.0,0.28,18,10,7,5,47.98,18.02,649,0,0,52.4,HIGH,CONDITIONAL APPROVAL,0
151,Satish Brothers Pvt Ltd,Suresh Sinha,03GGGTQ8780R3Z0,GGGTQ8780R,Punjab,Manufacturing,29942239,299.4,1262547,4.22,11451769,7689438,3762331,2667329,3258580,14340046,143.4,2.04,0.95,0.23,0.09,21,31,8,4,7.33,41.11,564,0,0,71.3,MEDIUM,APPROVE WITH CONDITIONS,0
152,Chopra Solutions Pvt Ltd,Suresh Kapoor,33CCCBF9814R1Z4,CCCBF9814R,Tamil Nadu,Logistics,32855037,328.6,1299696,3.96,12386923,7497604,4889319,3555685,9109555,5454548,54.5,1.53,2.58,1.67,0.11,29,96,3,9,30.72,22.48,714,0,0,98.9,LOW,APPROVE,0
153,Kavita Joshi Industries LLP,Kiran Bhatt,24SSSFI7678M2ZP,SSSFI7678M,Gujarat,Chemicals,20218569,202.2,-689462,-3.41,16318098,14749964,1568134,8538370,7214354,6365765,63.7,9.41,0.3,1.13,0.42,16,44,6,6,36.08,19.28,480,0,0,0.0,VERY HIGH,REJECT,1
154,Kiran Singh Exports,Harish Tiwari,20AAAJF9740H1ZP,AAAJF9740H,Jharkhand,Steel,104053041,1040.5,7645927,7.35,91842775,70438300,21404475,48501141,100633167,42428664,424.3,3.29,1.37,2.37,0.47,28,58,9,3,32.88,8.43,605,0,0,75.2,LOW,APPROVE WITH CONDITIONS,0
155,Agarwal Exports Pvt Ltd,Naresh Desai,27HHHTI4183D1Z3,HHHTI4183D,Maharashtra,Chemicals,20422515,204.2,1798248,8.81,6578553,4095740,2482812,1421248,1566381,4349770,43.5,1.65,4.48,0.36,0.07,25,28,7,5,9.33,15.91,684,0,0,100.0,LOW,APPROVE,0
156,Verma & Kulkarni Technologies LLP,Pooja Deshpande,20JJJTE6971Z2ZR,JJJTE6971Z,Jharkhand,Steel,80530884,805.3,3397056,4.22,46532552,30526533,16006020,24260197,54684961,46175305,461.8,1.91,0.8,1.18,0.3,25,44,12,0,27.68,9.03,661,0,0,69.5,MEDIUM,APPROVE WITH CONDITIONS,0
157,Tiwari & Sharma Fabrics Ltd,Kapil Sinha,24EEEPG5312X3Z4,EEEPG5312X,Gujarat,Auto Components,28350753,283.5,2605996,9.19,15279798,7818027,7461771,2604888,1865141,13562290,135.6,1.05,2.08,0.14,0.09,1,120,9,3,14.39,37.36,790,0,0,80.3,LOW,APPROVE,0
158,Verma Trading Co Pvt Ltd,Divya Reddy,27QQQPC7500L3Z0,QQQPC7500L,Maharashtra,IT/ITES,22912996,229.1,4746068,20.71,7483464,5323804,2159660,2898915,3686709,8781302,87.8,2.47,5.86,0.42,0.13,7,43,12,0,9.99,8.81,710,0,0,100.0,LOW,APPROVE,0
159,Naresh Iyer Solutions,Rajan Malhotra,03LLLLP8448B1ZK,LLLLP8448B,Punjab,Manufacturing,47006961,470.1,4856192,10.33,21443431,6575646,14867784,4479447,6359874,16784662,167.8,0.44,3.13,0.38,0.1,10,19,8,4,52.73,17.14,585,0,0,80.1,LOW,APPROVE,0
160,Bhatia & Kulkarni Suppliers Pvt Ltd,Ritu Tandon,29TTTAQ3276O1ZE,TTTAQ3276O,Karnataka,Food Processing,25202369,252.0,861205,3.42,8778898,7337391,1441507,4375055,11006499,5353632,53.5,5.09,1.71,2.06,0.17,26,35,9,3,15.48,27.7,410,0,0,54.7,HIGH,CONDITIONAL APPROVAL,0
161,Desai & Jain Manufacturers LLP,Ritu Kumar,27SSSCE9399B3Z9,SSSCE9399B,Maharashtra,Food Processing,23807267,238.1,1320628,5.55,13460728,6973703,6487025,4284924,3174212,5868922,58.7,1.08,2.44,0.54,0.18,7,20,12,0,18.44,49.69,622,0,1,83.8,LOW,APPROVE,0
162,Malhotra Traders Pvt Ltd,Ritu Sharma,29VVVPI3747X3ZL,VVVPI3747X,Karnataka,Food Processing,16127323,161.3,1218225,7.55,5115354,1403815,3711539,784564,2147925,3028591,30.3,0.38,4.36,0.71,0.05,22,30,3,9,51.45,22.47,761,0,0,97.3,LOW,APPROVE,0
163,Mahesh Chopra Manufacturers LLP,Kiran Bhatia,27AAAEU8069Q2ZN,AAAEU8069Q,Maharashtra,Logistics,22528146,225.3,-547546,-2.43,15127844,13523345,1604499,4748576,9158018,6480726,64.8,8.43,0.3,1.41,0.21,22,29,3,9,26.1,58.28,651,0,0,15.7,VERY HIGH,REJECT,1
164,Iyer & Khanna Associates Pvt Ltd,Ritu Yadav,33QQQAM4365W2ZQ,QQQAM4365W,Tamil Nadu,Auto Components,33488108,334.9,-169434,-0.51,14131571,11019456,3112116,5223894,5220925,6807511,68.1,3.54,0.3,0.77,0.16,3,32,6,6,3.98,15.85,536,1,0,24.3,VERY HIGH,REJECT,1
165,Shah & Jain Solutions Pvt Ltd,Kavita Jain,09XXXCV2951X1ZS,XXXCV2951X,Uttar Pradesh,Chemicals,38698656,387.0,3380340,8.74,27949797,23547400,4402397,11206437,14018546,18826203,188.3,5.35,1.95,0.74,0.29,29,9,10,2,16.73,25.67,797,0,0,78.5,LOW,APPROVE WITH CONDITIONS,0
166,Kiran Manufacturers Pvt Ltd,Vikram Shah,03MMMTU9536J3Z3,MMMTU9536J,Punjab,Manufacturing,20324498,203.2,2973648,14.63,17926065,11775358,6150707,4658512,7610248,10040680,100.4,1.91,3.21,0.76,0.23,14,119,10,2,50.94,45.83,888,1,0,81.8,LOW,APPROVE,0
167,Arjun Works Pvt Ltd,Deepak Bhatia,24SSSFQ1251X3Z4,SSSFQ1251X,Gujarat,Pharmaceuticals,28381732,283.8,3068366,10.81,11748485,5509932,6238553,3431735,4318026,11811013,118.1,0.88,2.81,0.37,0.12,8,23,5,7,20.81,36.5,526,0,0,73.3,MEDIUM,APPROVE WITH CONDITIONS,0
168,Kapoor Products LLP,Arjun Joshi,27QQQGR5098W2ZO,QQQGR5098W,Maharashtra,Logistics,16522651,165.2,1561577,9.45,11147993,8347601,2800392,3325545,6632930,9475464,94.8,2.98,1.79,0.7,0.2,1,26,8,4,33.76,31.1,705,0,1,47.9,HIGH,HIGH RISK — COLLATERAL REQUIRED,0
169,Rakesh Trading Co,Mukesh Reddy,36CCCLV6603C3ZB,CCCLV6603C,Telangana,IT/ITES,13175659,131.8,3520441,26.72,6833999,2878698,3955301,1475067,2942659,7774012,77.7,0.73,4.91,0.38,0.11,26,37,7,5,50.59,51.46,641,0,0,100.0,LOW,APPROVE,0
170,Joshi Trading Co & Co,Ramesh Chopra,27CCCEV9071T1ZY,CCCEV9071T,Maharashtra,Food Processing,7212520,72.1,718817,9.97,2686934,1564566,1122368,1272547,870254,2449420,24.5,1.39,3.18,0.36,0.18,25,44,12,0,42.56,45.52,681,0,1,75.6,LOW,APPROVE WITH CONDITIONS,0
171,Rajan Traders & Co,Paresh Yadav,27DDDPO6171W1Z0,DDDPO6171W,Maharashtra,Retail,15954073,159.5,954955,5.99,12641821,9706713,2935108,8157866,9928590,3878971,38.8,3.31,1.01,2.56,0.51,26,21,9,3,15.51,50.07,622,0,0,63.8,MEDIUM,CONDITIONAL APPROVAL,0
172,Chopra Solutions LLP,Anita Arora,33IIIJF3148S3ZE,IIIJF3148S,Tamil Nadu,Retail,2935149,29.4,112061,3.82,1597253,1252265,344988,437375,1104557,1756226,17.6,3.63,0.69,0.63,0.15,24,117,12,0,43.43,20.06,662,0,0,59.0,MEDIUM,CONDITIONAL APPROVAL,0
173,Ritu Mehta Trading Co,Ashish Mishra,36MMMBW3676B1ZG,MMMBW3676B,Telangana,Pharmaceuticals,28510984,285.1,3145616,11.03,24772028,20571261,4200767,7059670,16929049,12080390,120.8,4.9,2.82,1.4,0.25,16,93,10,2,22.73,44.68,446,0,0,87.5,LOW,APPROVE,0
174,Sunita Solutions Pvt Ltd,Satish Desai,21YYYJC7243T2ZT,YYYJC7243T,Odisha,Steel,21409059,214.1,756329,3.53,6942891,5474281,1468611,3401871,3584336,11099763,111.0,3.73,0.74,0.32,0.16,19,30,11,1,15.65,7.33,536,0,0,51.5,HIGH,CONDITIONAL APPROVAL,0
175,Sunil Rao Products Ltd,Sunita Jain,24SSSPO7782F1Z1,SSSPO7782F,Gujarat,Auto Components,19506713,195.1,1122158,5.75,7668014,4002918,3665096,2719489,1426814,5901874,59.0,1.09,2.06,0.24,0.14,11,240,9,3,9.84,19.75,425,0,0,83.7,LOW,APPROVE,0
176,Deshpande Solutions Ltd,Neha Chopra,03HHHFX5655O3Z8,HHHFX5655O,Punjab,Manufacturing,11003170,110.0,844869,7.68,8339777,4593179,3746599,2214380,2859121,3247317,32.5,1.23,2.82,0.88,0.2,2,71,9,3,30.31,25.55,524,0,0,82.1,LOW,APPROVE,0
177,Divya Associates LLP,Arjun Shah,07JJJHN5256E2Z0,JJJHN5256E,Delhi,Logistics,24034165,240.3,2496264,10.39,19368121,6629620,12738501,4028430,8177537,14865908,148.7,0.52,1.82,0.55,0.17,7,14,11,1,35.63,30.97,572,0,1,58.7,MEDIUM,CONDITIONAL APPROVAL,0
178,Kavita Rao Fabrics & Co,Neha Sethi,07WWWEM7199H2Z5,WWWEM7199H,Delhi,Logistics,31587793,315.9,995574,3.15,24555953,20647359,3908594,7050275,4320512,17967130,179.7,5.28,0.6,0.24,0.22,5,24,9,3,32.15,7.15,743,0,0,29.9,VERY HIGH,REJECT,1
179,Rajesh Reddy Enterprises Pvt Ltd,Manish Jain,24FFFBJ5410E3ZS,FFFBJ5410E,Gujarat,Auto Components,16148076,161.5,2013289,12.47,9764888,5275907,4488981,3050595,6048728,9766663,97.7,1.18,2.23,0.62,0.19,20,31,10,2,36.09,54.53,749,1,0,72.4,MEDIUM,APPROVE WITH CONDITIONS,0
180,Naresh Fabrics,Satish Kumar,24IIILA2998Y3ZF,IIILA2998Y,Gujarat,Pharmaceuticals,32005486,320.1,6959578,21.74,19428634,7699182,11729452,2500229,1417977,14609302,146.1,0.66,5.16,0.1,0.08,4,126,8,4,26.26,44.28,900,0,0,100.0,LOW,APPROVE,0
181,Modi Brothers Pvt Ltd,Vikas Arora,24VVVFD4866U2ZK,VVVFD4866U,Gujarat,Textile,21841466,218.4,689867,3.16,11501938,10245324,1256614,4441378,8430022,13868807,138.7,8.15,0.54,0.61,0.2,13,33,12,0,25.83,29.07,674,0,0,31.4,VERY HIGH,REJECT,1
182,Rakesh Industries,Mahesh Arora,03UUUCW9787Z1Z8,UUUCW9787Z,Punjab,Manufacturing,64481494,644.8,5220992,8.1,21831754,16185239,5646515,8637440,9669498,37464743,374.6,2.87,1.51,0.26,0.13,24,60,10,2,12.56,36.22,647,0,1,69.6,MEDIUM,APPROVE WITH CONDITIONS,0
183,Sinha Trading Co Pvt Ltd,Satish Agarwal,29KKKJI3627C3Z9,KKKJI3627C,Karnataka,Retail,2539930,25.4,104982,4.13,1211690,729730,481960,412019,504055,555990,5.6,1.51,2.05,0.91,0.16,17,16,11,1,35.42,47.4,496,0,0,86.7,LOW,APPROVE,0
184,Mishra & Mehta Industries & Co,Divya Nair,33JJJHN6276D1ZX,JJJHN6276D,Tamil Nadu,Logistics,16924116,169.2,996222,5.89,12393163,11100162,1293001,8820717,7623392,10276959,102.8,8.58,0.98,0.74,0.52,14,86,12,0,34.65,4.46,563,0,0,24.3,VERY HIGH,REJECT,1
185,Paresh Bhatia Solutions Ltd,Naresh Reddy,33UUUJC8668Z3Z3,UUUJC8668Z,Tamil Nadu,Textile,19211090,192.1,636666,3.31,8282004,2325800,5956204,1439820,3439360,10691984,106.9,0.39,0.65,0.32,0.07,19,44,8,4,45.73,19.66,574,1,0,40.2,HIGH,HIGH RISK — COLLATERAL REQUIRED,1
186,Sunita Fabrics Ltd,Satish Sinha,33FFFPX7802X1ZM,FFFPX7802X,Tamil Nadu,Logistics,25009835,250.1,1124936,4.5,9721380,8679056,1042324,5797631,7266572,8870824,88.7,8.33,1.37,0.82,0.23,5,11,7,5,16.01,27.42,621,0,0,32.6,VERY HIGH,REJECT,1
187,Sunil Technologies Ltd,Suresh Iyer,33MMMPX5162L2ZS,MMMPX5162L,Tamil Nadu,IT/ITES,16026014,160.3,3646936,22.76,9317803,7483942,1833861,4632587,8632674,7108428,71.1,4.08,5.56,1.21,0.29,5,74,9,3,16.71,18.98,627,0,0,75.6,LOW,APPROVE WITH CONDITIONS,0
188,Mehta & Bhatt Industries,Ganesh Gupta,24SSSFH5198Z2Z5,SSSFH5198Z,Gujarat,Logistics,5971229,59.7,52525,0.88,2118761,1882537,236224,667456,1186165,2479834,24.8,7.97,0.3,0.48,0.11,12,117,4,8,10.0,19.18,505,1,0,2.2,VERY HIGH,REJECT,1
189,Reddy & Singh Industries,Pooja Jain,08YYYFX1187U3ZO,YYYFX1187U,Rajasthan,Chemicals,24711317,247.1,1811102,7.33,8819403,4627467,4191936,3579044,7007527,6366850,63.7,1.1,3.08,1.1,0.14,10,20,8,4,10.25,11.61,586,0,1,84.8,LOW,APPROVE,0
190,Divya Brothers,Kavita Joshi,29SSSAR7540I1ZP,SSSAR7540I,Karnataka,Food Processing,10859183,108.6,495790,4.57,7467638,2521973,4945666,1514320,972460,6411852,64.1,0.51,0.84,0.15,0.14,18,19,6,6,24.19,5.36,833,1,1,55.3,MEDIUM,CONDITIONAL APPROVAL,0
191,Ashish Sethi Works Pvt Ltd,Vikram Singh,20LLLTU1396Y2ZA,LLLTU1396Y,Jharkhand,Steel,90798734,908.0,630616,0.69,56027222,49275695,6751527,36765198,74768824,35394583,353.9,7.3,0.3,2.11,0.4,12,134,9,3,11.25,41.35,601,0,0,32.9,VERY HIGH,REJECT,1
192,Suresh Brothers & Co,Rakesh Iyer,27KKKFX9814G1ZY,KKKFX9814G,Maharashtra,Auto Components,9988442,99.9,503624,5.04,6715814,3705831,3009983,2901414,5861973,3020450,30.2,1.23,1.5,1.94,0.29,22,85,9,3,24.59,16.5,631,0,0,89.7,LOW,APPROVE,0
193,Jain & Yadav Manufacturers & Co,Suresh Sharma,08VVVHD1312J3ZO,VVVHD1312J,Rajasthan,Textile,23101717,231.0,1108739,4.8,17976860,9242394,8734466,7042239,7349549,7141724,71.4,1.06,1.36,1.03,0.3,12,89,10,2,34.6,55.76,429,0,0,61.4,MEDIUM,CONDITIONAL APPROVAL,0
194,Khanna & Verma Enterprises,Arjun Bhatia,09LLLHU5953H3ZH,LLLHU5953H,Uttar Pradesh,Food Processing,5329387,53.3,454556,8.53,3805214,3075733,729481,1433566,1942724,1238608,12.4,4.22,2.75,1.57,0.27,23,113,7,5,23.31,18.58,595,1,0,69.9,MEDIUM,APPROVE WITH CONDITIONS,0
195,Sunil Bhatt Suppliers,Satish Bhatia,27EEEFU3270S3ZC,EEEFU3270S,Maharashtra,Food Processing,13232669,132.3,984389,7.44,5803188,2572927,3230261,1878633,3940938,8521524,85.2,0.8,1.25,0.46,0.14,28,35,9,3,4.61,12.44,536,0,0,84.9,LOW,APPROVE,0
196,Reddy Works Pvt Ltd,Ritu Sinha,36IIICY4079D1ZB,IIICY4079D,Telangana,IT/ITES,18524907,185.2,3368282,18.18,6519584,4726002,1793582,3554092,4442986,6891160,68.9,2.63,5.3,0.64,0.19,12,105,11,1,6.68,3.83,511,0,0,95.6,LOW,APPROVE,0
197,Chopra & Khanna Associates Pvt Ltd,Satish Khanna,29YYYAI7767H3ZC,YYYAI7767H,Karnataka,Pharmaceuticals,26158690,261.6,3203135,12.25,9994193,8333289,1660904,3433592,3233349,4344526,43.4,5.02,7.99,0.74,0.13,28,14,8,4,28.4,13.9,735,0,1,76.3,LOW,APPROVE WITH CONDITIONS,0
198,Sethi Brothers Ltd,Neha Sethi,20HHHPR7481X1ZZ,HHHPR7481X,Jharkhand,Steel,118301738,1183.0,4564087,3.86,100969077,58840217,42128859,38846132,26347033,21177764,211.8,1.4,1.02,1.24,0.33,7,91,9,3,19.26,13.59,419,0,1,49.6,HIGH,HIGH RISK — COLLATERAL REQUIRED,0
199,Modi & Jain Enterprises,Paresh Jain,27MMMLK8387A1ZT,MMMLK8387A,Maharashtra,Manufacturing,15435106,154.4,1087574,7.05,10555850,9078302,1477548,5610504,4071465,9532652,95.3,6.14,1.24,0.43,0.36,29,5,8,4,18.9,14.99,900,0,0,55.4,MEDIUM,CONDITIONAL APPROVAL,0
200,Gupta Brothers Ltd,Rajesh Nair,33RRRLB3799K3Z9,RRRLB3799K,Tamil Nadu,Logistics,23697790,237.0,2479637,10.46,8212274,7280772,931502,5527234,9615100,3608435,36.1,7.82,3.89,2.66,0.23,27,5,12,0,23.07,25.39,666,0,0,77.8,LOW,APPROVE WITH CONDITIONS,0
201,Ganesh Shah Manufacturers & Co,Kapil Sharma,08PPPFG8794O2ZS,PPPFG8794O,Rajasthan,Textile,5209562,52.1,435209,8.35,1884083,1508026,376057,541282,442930,1714089,17.1,4.01,2.75,0.26,0.1,13,260,9,3,17.25,36.42,694,0,0,85.6,LOW,APPROVE,0
202,Mahesh Jain Associates Ltd,Mohan Kulkarni,22FFFEJ3906O3ZN,FFFEJ3906O,Chhattisgarh,Steel,19113332,191.1,558455,2.92,12047372,6868477,5178895,3400672,8051786,11686998,116.9,1.33,0.52,0.69,0.18,24,17,12,0,53.79,40.4,859,1,0,53.5,HIGH,CONDITIONAL APPROVAL,0
203,Deshpande Technologies Pvt Ltd,Kiran Mishra,33XXXEQ2436P3ZI,XXXEQ2436P,Tamil Nadu,Logistics,9317157,93.2,849390,9.12,3584190,2084354,1499836,1020850,2252084,5508541,55.1,1.39,1.67,0.41,0.11,25,71,6,6,13.04,19.14,691,0,1,85.7,LOW,APPROVE,0
204,Harish Exports & Co,Manish Khanna,24ZZZTN7783B2ZM,ZZZTN7783B,Gujarat,Textile,22347634,223.5,57807,0.26,11408546,7753983,3654562,3594351,3848172,11292251,112.9,2.12,0.3,0.34,0.16,14,30,11,1,21.34,16.47,677,1,0,52.1,HIGH,CONDITIONAL APPROVAL,0
205,Kapil Kapoor Technologies & Co,Mukesh Kulkarni,20PPPJZ1582U1ZU,PPPJZ1582U,Jharkhand,Steel,110601080,1106.0,7254202,6.56,76849670,47242208,29607462,36433137,36631509,62041810,620.4,1.6,1.27,0.59,0.33,1,26,9,3,10.39,5.6,720,0,0,78.5,LOW,APPROVE WITH CONDITIONS,0
206,Iyer Brothers Pvt Ltd,Harish Yadav,24UUUPF7382F3Z7,UUUPF7382F,Gujarat,Chemicals,5791287,57.9,392046,6.77,3809528,3394837,414691,1661902,1974746,2824813,28.2,8.19,1.5,0.7,0.29,2,30,10,2,3.56,33.37,602,1,0,23.0,VERY HIGH,REJECT,1
207,Harish Joshi Traders Pvt Ltd,Manish Kapoor,03AAAJQ3524G2ZU,AAAJQ3524G,Punjab,Manufacturing,38651350,386.5,1273293,3.29,12869991,9472911,3397080,3353845,5372563,24085529,240.9,2.79,0.57,0.22,0.09,28,40,10,2,9.16,17.93,789,0,0,84.0,LOW,APPROVE,0
208,Vikas Exports Pvt Ltd,Satish Iyer,24JJJEG6257G1ZI,JJJEG6257G,Gujarat,Textile,34815366,348.2,707855,2.03,11323364,5227880,6095484,3360890,2953212,11383995,113.8,0.86,0.67,0.26,0.1,25,46,12,0,59.88,36.32,571,0,0,65.7,MEDIUM,APPROVE WITH CONDITIONS,0
209,Naresh Malhotra Industries Pvt Ltd,Neha Verma,36RRRJB3131A2Z3,RRRJB3131A,Telangana,Pharmaceuticals,87096512,871.0,16876140,19.38,48603035,38604441,9998594,28937804,65594789,30039850,300.4,3.86,5.05,2.18,0.33,29,44,12,0,17.97,38.52,413,0,0,89.8,LOW,APPROVE,0
210,Agarwal & Tandon Enterprises Ltd,Neha Kumar,06PPPFH3354T2ZN,PPPFH3354T,Haryana,Manufacturing,41552836,415.5,-1439767,-3.46,13333052,8915175,4417877,2733350,2136330,18072619,180.7,2.02,0.3,0.12,0.07,27,16,7,5,4.03,14.15,561,0,0,56.9,MEDIUM,CONDITIONAL APPROVAL,0
211,Agarwal & Kulkarni Manufacturers,Kavita Kulkarni,06ZZZBK2162Z2ZY,ZZZBK2162Z,Haryana,Auto Components,36363495,363.6,1646137,4.53,20772064,4542397,16229668,1477510,4018909,13190659,131.9,0.28,1.35,0.3,0.04,14,134,10,2,28.07,30.08,626,1,0,64.3,MEDIUM,CONDITIONAL APPROVAL,0
212,Pooja Yadav Exports LLP,Kapil Singh,24PPPBS8584K3Z6,PPPBS8584K,Gujarat,Logistics,25094613,250.9,2239835,8.93,12694329,7286137,5408191,4016095,5227045,15840360,158.4,1.35,1.53,0.33,0.16,12,34,3,9,3.51,22.19,736,0,0,86.6,LOW,APPROVE,0
213,Kiran Industries Ltd,Anil Desai,29KKKGS5989N3ZM,KKKGS5989N,Karnataka,Retail,5616750,56.2,56732,1.01,1891615,1264576,627039,438268,630972,3147227,31.5,2.02,0.3,0.2,0.08,6,20,11,1,24.71,21.33,755,0,0,56.3,MEDIUM,CONDITIONAL APPROVAL,0
214,Ritu Verma Manufacturers & Co,Kapil Arora,27MMMLN9931G3ZB,MMMLN9931G,Maharashtra,Textile,18639370,186.4,860912,4.62,12350515,8182044,4168471,5085637,7002052,3717655,37.2,1.96,1.47,1.88,0.27,14,57,6,6,22.26,19.6,672,0,0,94.4,LOW,APPROVE,0
215,Rajesh Works LLP,Mahesh Sharma,27ZZZTN3945O3ZR,ZZZTN3945O,Maharashtra,IT/ITES,7156155,71.6,-30692,-0.43,3151860,1579514,1572347,1293039,1832127,1895653,19.0,1.0,0.3,0.97,0.18,4,23,8,4,12.67,50.5,602,0,0,60.3,MEDIUM,CONDITIONAL APPROVAL,0
216,Kulkarni & Shah Trading Co LLP,Manish Bhatia,27EEEPY5578O3Z5,EEEPY5578O,Maharashtra,Steel,106786150,1067.9,2773646,2.6,78746187,42034617,36711570,27370370,62148979,25192731,251.9,1.14,0.88,2.47,0.26,28,36,10,2,31.38,24.27,799,0,0,85.0,LOW,APPROVE,0
217,Ganesh Traders & Co,Mohan Nair,08XXXTI2006U2ZA,XXXTI2006U,Rajasthan,Chemicals,30728520,307.3,3454765,11.24,10697011,8115818,2581193,4523450,10628232,14020662,140.2,3.14,2.67,0.76,0.15,25,34,11,1,41.93,25.04,533,0,0,87.8,LOW,APPROVE,0
218,Singh Solutions LLP,Mukesh Deshpande,24LLLCI4869P1ZX,LLLCI4869P,Gujarat,Textile,22975298,229.8,2133385,9.29,11795492,7641052,4154440,4472814,6271355,8636984,86.4,1.84,2.68,0.73,0.19,8,8,12,0,8.84,54.03,456,0,0,89.0,LOW,APPROVE,0
219,Pooja Brothers,Kavita Iyer,33JJJJX9724H2ZO,JJJJX9724H,Tamil Nadu,Textile,15294871,152.9,734468,4.8,7310376,5545630,1764746,3060997,4977673,8070620,80.7,3.14,0.99,0.62,0.2,8,37,9,3,41.64,5.62,571,1,0,47.1,HIGH,HIGH RISK — COLLATERAL REQUIRED,0
220,Dinesh Industries LLP,Arjun Desai,08YYYEX4961X3ZC,YYYEX4961X,Rajasthan,Chemicals,19613314,196.1,2750249,14.02,10948413,8799566,2148847,3591895,1801521,6528892,65.3,4.1,4.56,0.28,0.18,26,72,12,0,38.52,24.98,667,0,0,94.6,LOW,APPROVE,0
221,Deepak Exports Ltd,Kavita Joshi,33GGGTU2995W1Z5,GGGTU2995W,Tamil Nadu,Auto Components,23242276,232.4,-300597,-1.29,9493378,4358364,5135015,2716788,3176249,6153825,61.5,0.85,0.3,0.52,0.12,29,138,6,6,26.3,65.0,541,1,0,50.2,HIGH,CONDITIONAL APPROVAL,0
222,Rakesh Khanna Traders,Mahesh Agarwal,33BBBGI3915O1ZV,BBBGI3915O,Tamil Nadu,Auto Components,48441115,484.4,6702147,13.84,16012355,12414159,3598196,5285593,4533325,22358255,223.6,3.45,3.25,0.2,0.11,15,17,5,7,10.33,47.86,785,1,0,70.4,MEDIUM,APPROVE WITH CONDITIONS,0
223,Agarwal & Reddy Industries LLP,Anil Deshpande,03AAAAV7397I1ZL,AAAAV7397I,Punjab,Manufacturing,68076182,680.8,7048212,10.35,31338925,28034992,3303933,13088223,17189329,31103972,311.0,8.49,2.45,0.55,0.19,20,24,9,3,37.19,7.48,612,0,0,49.4,HIGH,HIGH RISK — COLLATERAL REQUIRED,0
224,Deshpande & Arora Enterprises,Rakesh Verma,08RRRHC8530Y2ZC,RRRHC8530Y,Rajasthan,Chemicals,28953997,289.5,5079474,17.54,10648403,9486276,1162127,5663380,6446765,17589941,175.9,8.16,3.13,0.37,0.2,20,19,9,3,20.07,13.8,777,0,1,57.0,MEDIUM,CONDITIONAL APPROVAL,0
225,Kulkarni Associates,Arjun Agarwal,27ZZZPU6041P3ZS,ZZZPU6041P,Maharashtra,Textile,28860507,288.6,-1341670,-4.65,11348917,6388392,4960525,5291565,14062844,17358293,173.6,1.29,0.3,0.81,0.18,10,11,12,0,17.38,9.36,491,0,0,64.8,MEDIUM,CONDITIONAL APPROVAL,0
226,Kumar Solutions & Co,Dinesh Mishra,27HHHEE1235F3Z3,HHHEE1235F,Maharashtra,Textile,21502636,215.0,2185211,10.16,6731428,5317415,1414013,1767853,2245779,12328656,123.3,3.76,1.92,0.18,0.08,1,112,11,1,54.29,49.87,823,0,0,60.0,MEDIUM,CONDITIONAL APPROVAL,0
227,Deepak Kulkarni Enterprises Pvt Ltd,Sunil Mehta,36VVVTR3250K1Z2,VVVTR3250K,Telangana,IT/ITES,9336857,93.4,2630130,28.17,7733401,5995530,1737872,3221712,7342936,3752434,37.5,3.45,7.08,1.96,0.35,5,29,10,2,27.14,25.53,570,0,0,91.9,LOW,APPROVE,0
228,Sunil Tiwari Traders,Harish Deshpande,27FFFBW5648N3ZU,FFFBW5648N,Maharashtra,Steel,91326059,913.3,8621718,9.44,30992029,11225310,19766719,6511312,17154186,31597422,316.0,0.57,2.96,0.54,0.07,17,22,4,8,45.33,24.84,722,0,1,79.0,LOW,APPROVE WITH CONDITIONS,0
229,Ritu Trading Co Pvt Ltd,Kiran Tiwari,29TTTHY9842Q1ZT,TTTHY9842Q,Karnataka,IT/ITES,17234443,172.3,3418861,19.84,6150872,2431375,3719496,1245773,2082849,10736595,107.4,0.65,3.45,0.19,0.07,10,35,9,3,8.04,33.81,685,0,0,100.0,LOW,APPROVE,0
230,Satish Brothers Pvt Ltd,Arjun Mehta,36XXXAR3881F1ZV,XXXAR3881F,Telangana,IT/ITES,21555076,215.6,3723774,17.28,16024154,11156135,4868018,7887735,17936133,3712253,37.1,2.29,4.09,4.83,0.37,16,53,12,0,49.02,21.89,456,0,1,89.4,LOW,APPROVE,0
231,Deepak Malhotra International Pvt Ltd,Mohan Verma,29PPPAN3374G3ZT,PPPAN3374G,Karnataka,Food Processing,26145378,261.5,1613101,6.17,24987020,13884054,11102966,9321348,4880168,7651948,76.5,1.25,1.5,0.64,0.36,12,11,6,6,29.79,46.11,761,0,0,79.5,LOW,APPROVE WITH CONDITIONS,0
232,Arora Solutions Pvt Ltd,Vikram Joshi,06TTTCZ3784S3ZE,TTTCZ3784S,Haryana,Manufacturing,11124579,111.2,1361506,12.24,10663857,9573869,1089988,7263069,6101107,5099104,51.0,8.78,1.62,1.2,0.65,20,34,12,0,3.95,12.52,675,0,0,58.0,MEDIUM,CONDITIONAL APPROVAL,0
233,Rao & Jain Fabrics Pvt Ltd,Mukesh Verma,27AAALB1656P3ZW,AAALB1656P,Maharashtra,IT/ITES,22768532,227.7,2916728,12.81,9389442,6155926,3233516,4100211,3017060,12782962,127.8,1.9,2.47,0.24,0.18,6,27,8,4,3.54,5.18,570,1,0,69.1,MEDIUM,APPROVE WITH CONDITIONS,0
234,Rajesh Solutions,Mahesh Desai,08FFFJS1399O2Z8,FFFJS1399O,Rajasthan,Chemicals,32374184,323.7,5060679,15.63,26526470,24089449,2437020,19354243,11544719,8653136,86.5,9.88,2.27,1.33,0.6,16,146,11,1,16.88,40.7,526,1,0,31.3,VERY HIGH,REJECT,1
235,Sinha Trading Co & Co,Sunil Kulkarni,36VVVBT6500X1ZW,VVVBT6500X,Telangana,IT/ITES,10001735,100.0,2029954,20.3,6978793,5044244,1934549,2065121,1435977,4136189,41.4,2.61,5.32,0.35,0.21,21,98,8,4,7.0,28.83,300,0,0,87.9,LOW,APPROVE,0
236,Divya Fabrics & Co,Pooja Sinha,03WWWFY4693K2ZH,WWWFY4693K,Punjab,Food Processing,12618312,126.2,526397,4.17,10495759,8985014,1510745,5811330,3689670,4262864,42.6,5.95,0.79,0.87,0.46,7,15,7,5,39.51,11.94,900,0,0,33.1,VERY HIGH,REJECT,1
237,Divya Singh Solutions Pvt Ltd,Kiran Mishra,24JJJBD3699I1Z9,JJJBD3699I,Gujarat,Manufacturing,14886136,148.9,1152422,7.74,4754362,2183690,2570672,1333836,1494274,9562851,95.6,0.85,1.31,0.16,0.09,4,5,5,7,53.37,29.28,676,1,0,42.5,HIGH,HIGH RISK — COLLATERAL REQUIRED,1
238,Pooja Kapoor Exports & Co,Kapil Deshpande,27NNNTK6346P3ZX,NNNTK6346P,Maharashtra,Manufacturing,31605271,316.1,1859749,5.88,10688711,8626137,2062575,3288803,3801164,18664192,186.6,4.18,1.08,0.2,0.1,28,45,10,2,8.43,21.49,663,0,0,72.7,MEDIUM,APPROVE WITH CONDITIONS,0
239,Deepak Manufacturers & Co,Pooja Kumar,24FFFCW3514F1Z7,FFFCW3514F,Gujarat,Auto Components,36296723,363.0,2072317,5.71,12813283,7885854,4927429,3854972,6903590,17781933,177.8,1.6,1.26,0.39,0.11,18,48,12,0,7.36,38.65,371,1,0,66.4,MEDIUM,APPROVE WITH CONDITIONS,0
240,Singh Associates & Co,Anil Bhatt,07OOOHE1070X3ZW,OOOHE1070X,Delhi,Logistics,16204076,162.0,1071588,6.61,11057146,10002292,1054854,5575218,4322305,9200575,92.0,9.48,1.26,0.47,0.34,28,170,9,3,54.64,14.0,639,0,0,13.6,VERY HIGH,REJECT,1
241,Gupta & Sinha Brothers Pvt Ltd,Paresh Malhotra,08TTTEG9625H2ZC,TTTEG9625H,Rajasthan,Textile,28649236,286.5,2260841,7.89,22193786,18267421,3926365,15017914,40836862,4694782,46.9,4.65,1.3,8.7,0.52,27,14,11,1,34.65,10.61,300,0,0,55.7,MEDIUM,CONDITIONAL APPROVAL,0
242,Jain & Singh Manufacturers Ltd,Manish Agarwal,24CCCFX8278X2ZS,CCCFX8278X,Gujarat,Chemicals,5462928,54.6,652959,11.95,2131662,422833,1708829,157135,389638,2635415,26.4,0.25,2.68,0.15,0.03,14,363,11,1,26.6,29.49,834,0,0,100.0,LOW,APPROVE,0
243,Shah & Singh Exports Ltd,Anil Desai,27RRRJW3243G1ZO,RRRJW3243G,Maharashtra,Steel,52459577,524.6,-2311242,-4.41,19247382,8642844,10604538,6634371,14459703,26769463,267.7,0.82,0.3,0.54,0.13,8,11,8,4,8.56,51.88,553,0,0,51.3,HIGH,CONDITIONAL APPROVAL,0
244,Kumar & Gupta Traders Ltd,Sunil Deshpande,27IIIJC6927S2ZR,IIIJC6927S,Maharashtra,IT/ITES,23644751,236.4,4674330,19.77,10394929,4983522,5411407,4022626,7809854,13136441,131.4,0.92,3.85,0.59,0.17,5,44,12,0,33.25,28.25,677,0,1,91.3,LOW,APPROVE,0
245,Harish Exports,Kapil Shah,24JJJGQ2258Q1ZB,JJJGQ2258Q,Gujarat,Pharmaceuticals,80455869,804.6,6198726,7.7,49284813,43696936,5587876,26290569,61751494,19185169,191.9,7.82,2.04,3.22,0.33,7,47,7,5,11.86,6.69,783,0,0,66.1,MEDIUM,APPROVE WITH CONDITIONS,0
246,Suresh Trading Co Ltd,Deepak Bhatt,36DDDFE9247H1ZZ,DDDFE9247H,Telangana,Pharmaceuticals,62171379,621.7,8908857,14.33,25021933,11565401,13456532,6253019,7963423,34313619,343.1,0.86,2.81,0.23,0.1,13,30,5,7,34.13,40.46,567,0,0,79.4,LOW,APPROVE WITH CONDITIONS,0
247,Dinesh Patel Associates LLP,Dinesh Bhatt,24EEEFE2287N3Z7,EEEFE2287N,Gujarat,Textile,39129801,391.3,4229230,10.81,14959567,10833194,4126374,5998773,14356243,18465721,184.7,2.63,2.48,0.78,0.15,23,12,8,4,19.85,13.16,547,1,0,76.2,LOW,APPROVE WITH CONDITIONS,0
248,Dinesh Enterprises & Co,Vikas Shah,24FFFEL1479C1ZH,FFFEL1479C,Gujarat,Textile,16900723,169.0,1299054,7.69,7030491,4969870,2060621,1806172,2881826,6592478,65.9,2.41,2.13,0.44,0.11,21,7,10,2,7.0,44.43,477,0,0,94.9,LOW,APPROVE,0
249,Anil Trading Co Pvt Ltd,Mahesh Jain,24FFFJV2758F2ZO,FFFJV2758F,Gujarat,Manufacturing,45629569,456.3,6382019,13.99,17229126,14448836,2780289,4508247,7922741,21237562,212.4,5.2,3.26,0.37,0.1,29,5,7,5,24.64,3.73,900,0,0,89.3,LOW,APPROVE,0
250,Dinesh Tandon Products Ltd,Anil Singh,09OOOFR7672J2ZC,OOOFR7672J,Uttar Pradesh,Chemicals,43803989,438.0,-805303,-1.84,18203290,16295720,1907569,10793692,24725676,21389312,213.9,8.54,0.3,1.16,0.25,13,15,9,3,17.2,26.58,687,0,0,23.7,VERY HIGH,REJECT,1
251,Khanna & Deshpande Trading Co,Divya Iyer,33FFFBL4261K1ZP,FFFBL4261K,Tamil Nadu,IT/ITES,4452220,44.5,638846,14.35,1666392,1259206,407186,1013655,1778300,1380410,13.8,3.09,5.01,1.29,0.23,25,11,8,4,23.82,8.13,607,0,0,100.0,LOW,APPROVE,0
252,Arora & Kapoor Manufacturers Ltd,Divya Nair,29EEEAD1865C2Z1,EEEAD1865C,Karnataka,Pharmaceuticals,53954647,539.5,-506910,-0.94,24523660,10005506,14518154,5732389,14261601,13108277,131.1,0.69,0.3,1.09,0.11,24,22,10,2,42.32,0.44,606,0,0,70.5,MEDIUM,APPROVE WITH CONDITIONS,0
253,Verma & Bhatt Suppliers LLP,Anil Arora,07NNNBM8374K2ZS,NNNBM8374K,Delhi,Logistics,26780479,267.8,2306304,8.61,16663767,15133339,1530428,10138760,23401010,6728492,67.3,9.89,1.97,3.48,0.38,7,54,11,1,16.81,20.28,503,1,0,28.2,VERY HIGH,REJECT,1
254,Patel & Kulkarni Brothers Pvt Ltd,Ashish Deshpande,33PPPTM6779Y2ZK,PPPTM6779Y,Tamil Nadu,Logistics,11482602,114.8,1038950,9.05,9784031,2296576,7487455,823326,2014903,3648107,36.5,0.31,3.09,0.55,0.07,22,7,11,1,25.1,7.02,655,0,0,100.0,LOW,APPROVE,0
255,Tandon & Patel International LLP,Satish Mehta,36CCCBJ2875K1Z1,CCCBJ2875K,Telangana,IT/ITES,4694531,46.9,-120944,-2.58,1926070,1741130,184940,1055759,1253411,1844373,18.4,9.41,0.3,0.68,0.22,14,6,8,4,33.28,22.76,621,0,0,10.8,VERY HIGH,REJECT,1
256,Divya Agarwal Solutions & Co,Naresh Kulkarni,27VVVHF5907L2ZC,VVVHF5907L,Maharashtra,Retail,5343696,53.4,167439,3.13,2340086,1833677,506409,710314,1290899,2262296,22.6,3.62,0.8,0.57,0.13,4,78,6,6,18.93,34.38,643,0,0,46.8,HIGH,HIGH RISK — COLLATERAL REQUIRED,0
257,Nair Works & Co,Divya Tiwari,27CCCEJ9268Z2ZR,CCCEJ9268Z,Maharashtra,Auto Components,26266551,262.7,2157788,8.21,11889530,6184482,5705048,2211161,4142077,6162022,61.6,1.08,3.79,0.67,0.08,13,44,10,2,9.91,31.0,768,0,0,100.0,LOW,APPROVE,0
258,Bhatt Solutions LLP,Rajan Rao,29NNNTX1981Q1ZN,NNNTX1981Q,Karnataka,Retail,4148296,41.5,153252,3.69,2825451,2243963,581488,938518,604498,1996363,20.0,3.86,0.83,0.3,0.23,23,16,6,6,7.1,18.09,753,0,0,62.5,MEDIUM,CONDITIONAL APPROVAL,0
259,Deepak Products Pvt Ltd,Harish Agarwal,27OOOJR8145N3Z2,OOOJR8145N,Maharashtra,IT/ITES,2651750,26.5,18949,0.71,886199,569993,316206,287117,272515,1087988,10.9,1.8,0.3,0.25,0.11,23,26,9,3,23.17,25.01,696,0,0,75.7,LOW,APPROVE WITH CONDITIONS,0
260,Rao Works Pvt Ltd,Kapil Mehta,36EEEFD9196D3ZX,EEEFD9196D,Telangana,IT/ITES,12164970,121.6,3245157,26.68,4076763,2409404,1667358,1217069,1030780,7774339,77.7,1.45,4.52,0.13,0.1,13,18,10,2,32.81,22.34,855,0,0,100.0,LOW,APPROVE,0
261,Ritu Rao Exports Pvt Ltd,Vikram Nair,27PPPPL2850K3ZR,PPPPL2850K,Maharashtra,Pharmaceuticals,72655506,726.6,12439265,17.12,37893591,6996547,30897044,4995759,5209246,16196109,162.0,0.23,8.32,0.32,0.07,7,72,4,8,31.68,13.71,851,0,0,88.7,LOW,APPROVE,0
262,Bhatia & Sharma Exports Pvt Ltd,Ritu Bhatia,33DDDPH8248M1ZP,DDDPH8248M,Tamil Nadu,Logistics,20991107,209.9,1620181,7.72,14525609,5956213,8569396,2124872,1981565,12785223,127.9,0.7,1.37,0.15,0.1,1,182,10,2,13.19,31.41,523,0,0,70.2,MEDIUM,APPROVE WITH CONDITIONS,0
263,Deepak Products LLP,Satish Jain,09QQQBL7895T3ZZ,QQQBL7895T,Uttar Pradesh,Chemicals,15521521,155.2,1800394,11.6,5727139,4617751,1109388,3488296,3344006,6397409,64.0,4.16,3.05,0.52,0.22,18,123,9,3,6.58,28.49,603,0,0,90.0,LOW,APPROVE,0
264,Joshi Associates Ltd,Suresh Patel,24EEETV7722Z2ZS,EEETV7722Z,Gujarat,Manufacturing,55748500,557.5,5392837,9.67,24418085,19927396,4490689,15296978,14274049,27977461,279.8,4.44,2.09,0.51,0.27,24,10,4,8,23.49,39.41,515,0,0,62.5,MEDIUM,CONDITIONAL APPROVAL,0
265,Modi Industries,Rakesh Iyer,24FFFAM8027T2Z9,FFFAM8027T,Gujarat,Logistics,23053108,230.5,1757724,7.62,17903486,3550323,14353163,1805483,2983330,9546048,95.5,0.25,1.99,0.31,0.08,19,124,11,1,12.26,41.67,462,0,0,85.8,LOW,APPROVE,0
266,Sethi Technologies Pvt Ltd,Satish Khanna,24JJJEG7853F2Z9,JJJEG7853F,Gujarat,Auto Components,31551515,315.5,2700085,8.56,17531933,14628259,2903674,8186345,9428499,16639355,166.4,5.04,1.76,0.57,0.26,20,79,10,2,16.44,30.34,553,0,0,61.7,MEDIUM,CONDITIONAL APPROVAL,0
267,Sharma & Yadav Exports Pvt Ltd,Manish Kapoor,29BBBAK4847P2Z2,BBBAK4847P,Karnataka,Food Processing,20383407,203.8,1316314,6.46,11381250,4212631,7168619,3369942,5855448,12938135,129.4,0.59,1.1,0.45,0.17,27,148,5,7,6.23,9.96,744,0,1,76.9,LOW,APPROVE WITH CONDITIONS,0
268,Joshi Brothers Pvt Ltd,Ramesh Reddy,24BBBCP5603X2ZR,BBBCP5603X,Gujarat,Pharmaceuticals,31576832,315.8,3466586,10.98,13147940,11774097,1373843,9149606,5878715,9556285,95.6,8.57,3.28,0.62,0.29,28,198,12,0,18.43,6.64,623,1,1,41.1,HIGH,HIGH RISK — COLLATERAL REQUIRED,1
269,Ganesh Manufacturers Ltd,Mukesh Shah,24PPPAO6841W3ZV,PPPAO6841W,Gujarat,Pharmaceuticals,51665859,516.7,6433738,12.45,29007838,15843682,13164156,8136492,20783570,31280783,312.8,1.2,2.23,0.66,0.16,23,52,8,4,12.97,17.15,638,0,1,85.3,LOW,APPROVE,0
270,Iyer & Shah International Pvt Ltd,Satish Verma,24KKKAJ2998M2Z6,KKKAJ2998M,Gujarat,Logistics,14448139,144.5,1404168,9.72,6323844,5154614,1169230,1597291,2372078,5136302,51.4,4.41,2.96,0.46,0.11,25,7,12,0,33.68,8.69,592,0,0,87.1,LOW,APPROVE,0
271,Singh & Modi Exports LLP,Harish Verma,03RRRTM2516M2ZB,RRRTM2516M,Punjab,Food Processing,25424762,254.2,1264180,4.97,8217617,7186308,1031309,2779411,4164576,12304922,123.0,6.97,1.11,0.34,0.11,28,41,6,6,24.98,28.47,594,0,0,42.0,HIGH,HIGH RISK — COLLATERAL REQUIRED,1
272,Deepak Chopra Products LLP,Kiran Kapoor,24PPPGS7931C2ZN,PPPGS7931C,Gujarat,Chemicals,8085411,80.9,758030,9.38,3148267,1658001,1490266,875921,1676742,2261158,22.6,1.11,3.63,0.74,0.11,26,25,8,4,32.77,18.91,376,0,0,86.0,LOW,APPROVE,0
273,Dinesh Sharma Fabrics Pvt Ltd,Suresh Modi,29JJJFQ8007J3Z3,JJJFQ8007J,Karnataka,IT/ITES,22936246,229.4,2978907,12.99,10872873,9832083,1040791,8017218,11483821,10941328,109.4,9.45,2.95,1.05,0.35,17,57,11,1,23.73,35.22,606,1,1,22.1,VERY HIGH,REJECT,1
274,Rajan Kulkarni Technologies Pvt Ltd,Sunita Modi,07WWWGK8454Y3ZS,WWWGK8454Y,Delhi,Retail,3786942,37.9,85282,2.25,1641966,1136637,505328,958980,1236688,1903053,19.0,2.25,0.49,0.65,0.25,16,25,10,2,31.9,39.77,548,1,0,45.5,HIGH,HIGH RISK — COLLATERAL REQUIRED,0
275,Verma Industries Pvt Ltd,Vikram Chopra,27XXXTX8974J3ZN,XXXTX8974J,Maharashtra,Textile,28441233,284.4,2731283,9.6,22856428,20621419,2235009,15532671,13544468,7065387,70.7,9.23,1.52,1.92,0.55,13,14,6,6,23.08,27.15,724,0,0,35.1,HIGH,HIGH RISK — COLLATERAL REQUIRED,1
276,Rajesh Enterprises,Mahesh Arora,24DDDCE8295P2Z1,DDDCE8295P,Gujarat,Logistics,13767680,137.7,53742,0.39,12716173,9754801,2961371,3046485,6924860,6479250,64.8,3.29,0.3,1.07,0.22,8,56,10,2,29.33,14.35,602,1,0,28.6,VERY HIGH,REJECT,1
277,Satish Agarwal Exports,Vikas Desai,33PPPFW1994Q1ZR,PPPFW1994Q,Tamil Nadu,IT/ITES,16016018,160.2,2019245,12.61,10760034,4972193,5787841,3111363,8373516,3047901,30.5,0.86,5.62,2.75,0.19,13,24,11,1,37.38,20.22,495,0,0,100.0,LOW,APPROVE,0
278,Kumar Works Pvt Ltd,Vikas Arora,29KKKTW8675E2ZO,KKKTW8675E,Karnataka,Food Processing,28580266,285.8,1136991,3.98,11486975,9458689,2028286,3371217,9437775,6636661,66.4,4.66,1.86,1.42,0.12,8,5,10,2,14.06,14.03,523,0,0,55.8,MEDIUM,CONDITIONAL APPROVAL,0
279,Mahesh Agarwal International LLP,Mohan Singh,06AAAHI6849V1ZB,AAAHI6849V,Haryana,Manufacturing,69353605,693.5,5410208,7.8,39055603,30051947,9003656,13965149,32156745,21235669,212.4,3.34,2.76,1.51,0.2,18,13,10,2,15.65,35.67,429,0,0,94.5,LOW,APPROVE,0
280,Tiwari Technologies Ltd,Paresh Kulkarni,27YYYBD2669R1ZW,YYYBD2669R,Maharashtra,Logistics,31560276,315.6,1056677,3.35,10931260,4321115,6610145,1365236,2961208,19117076,191.2,0.65,0.6,0.15,0.04,12,11,4,8,26.83,35.56,738,0,0,57.7,MEDIUM,CONDITIONAL APPROVAL,0
281,Bhatia & Reddy Traders LLP,Anita Kapoor,24HHHJK5698Q1Z5,HHHJK5698Q,Gujarat,Pharmaceuticals,17193496,171.9,1669125,9.71,7883801,4398694,3485107,1814620,1334163,7951633,79.5,1.26,2.27,0.17,0.11,6,39,10,2,36.81,11.05,627,0,0,84.2,LOW,APPROVE,0
282,Ramesh Products,Satish Deshpande,07QQQBC6542K2ZA,QQQBC6542K,Delhi,Logistics,11229555,112.3,535160,4.77,4148035,3173447,974588,1666659,1387422,6148388,61.5,3.26,0.94,0.23,0.15,24,14,9,3,10.54,18.73,432,0,0,64.0,MEDIUM,CONDITIONAL APPROVAL,0
283,Sunil Fabrics & Co,Manish Kumar,33UUUFR8244W2ZP,UUUFR8244W,Tamil Nadu,Textile,16992126,169.9,836712,4.92,9754287,5346866,4407421,3791422,3876536,4289658,42.9,1.21,1.91,0.9,0.22,18,34,10,2,16.76,3.37,695,1,0,69.6,MEDIUM,APPROVE WITH CONDITIONS,0
284,Rajesh Trading Co Ltd,Sunil Malhotra,24JJJLQ2809X1ZN,JJJLQ2809X,Gujarat,Textile,6785854,67.9,364289,5.37,5941789,2369911,3571877,1352964,2427517,2020472,20.2,0.66,1.95,1.2,0.2,7,15,12,0,19.34,28.86,461,0,0,88.7,LOW,APPROVE,0
285,Khanna & Khanna Solutions Ltd,Kavita Sethi,24OOOBE7974N1Z5,OOOBE7974N,Gujarat,Logistics,11718312,117.2,-493144,-4.21,6691967,2960879,3731088,2281947,5533645,4974144,49.7,0.79,0.3,1.11,0.19,3,7,10,2,19.3,18.53,691,0,0,61.1,MEDIUM,CONDITIONAL APPROVAL,0
286,Sinha Technologies Pvt Ltd,Anil Sinha,33EEEPQ2934W1ZT,EEEPQ2934W,Tamil Nadu,Retail,11842027,118.4,812282,6.86,9107885,8114747,993138,4426252,4050927,4129318,41.3,8.17,1.59,0.98,0.37,11,27,8,4,22.96,15.35,769,1,0,28.0,VERY HIGH,REJECT,1
287,Bhatt & Sethi Technologies Ltd,Ritu Verma,06SSSLB5999J1ZB,SSSLB5999J,Haryana,Auto Components,32420296,324.2,1591757,4.91,12868544,7977601,4890942,2405975,4589988,20305844,203.1,1.63,0.85,0.23,0.07,9,126,7,5,8.22,16.22,465,0,0,62.2,MEDIUM,CONDITIONAL APPROVAL,0
288,Manish Sharma Products LLP,Rakesh Gupta,29CCCTV7711M1ZP,CCCTV7711M,Karnataka,Pharmaceuticals,19663880,196.6,3805991,19.36,7090165,1794115,5296051,944396,1817708,7912988,79.1,0.34,5.21,0.23,0.05,6,49,12,0,16.56,22.51,577,1,0,89.2,LOW,APPROVE,0
289,Pooja Jain Associates & Co,Satish Malhotra,21RRRCA5504Z1ZF,RRRCA5504Z,Odisha,Steel,29527477,295.3,989443,3.35,10189862,4524805,5665057,1683401,4676131,4612955,46.1,0.8,2.32,1.01,0.06,10,76,9,3,34.84,28.51,630,1,0,80.2,LOW,APPROVE,0
290,Ramesh Joshi Traders Pvt Ltd,Ramesh Mishra,27IIIBE6026N3ZA,IIIBE6026N,Maharashtra,Auto Components,10367875,103.7,-228182,-2.2,3917934,1136602,2781332,636234,571285,5731281,57.3,0.41,0.3,0.1,0.06,24,9,10,2,32.34,50.66,615,1,0,52.4,HIGH,CONDITIONAL APPROVAL,0
291,Verma & Bhatt Works LLP,Ganesh Tiwari,27BBBHO7669C2Z1,BBBHO7669C,Maharashtra,Food Processing,23521451,235.2,1146563,4.87,7374380,6583724,790657,2775195,5245768,14068916,140.7,8.33,0.88,0.37,0.12,28,18,10,2,7.86,40.94,416,0,1,24.8,VERY HIGH,REJECT,1
292,Vikas Shah Industries LLP,Harish Jain,36RRRJB1016O3ZI,RRRJB1016O,Telangana,Pharmaceuticals,40180788,401.8,2565789,6.39,18283460,4976131,13307329,1911305,3757208,15046792,150.5,0.37,1.85,0.25,0.05,14,20,11,1,38.75,8.0,605,0,0,86.3,LOW,APPROVE,0
293,Patel & Verma Products Pvt Ltd,Rajesh Shah,29GGGTQ6215V2ZG,GGGTQ6215V,Karnataka,IT/ITES,17456177,174.6,3845749,22.03,7623742,4319504,3304238,1955937,1207353,6887880,68.9,1.31,6.05,0.18,0.11,13,48,11,1,9.79,39.23,585,0,0,100.0,LOW,APPROVE,0
294,Deshpande Brothers Pvt Ltd,Suresh Iyer,29CCCEU2270R1ZS,CCCEU2270R,Karnataka,Pharmaceuticals,88089683,880.9,11025561,12.52,43732692,30535124,13197569,20579880,13527037,45185720,451.9,2.31,2.64,0.3,0.23,11,8,10,2,37.75,47.47,668,0,0,79.8,LOW,APPROVE WITH CONDITIONS,0
295,Khanna Enterprises Ltd,Dinesh Verma,27HHHJL1602I2ZD,HHHJL1602I,Maharashtra,Chemicals,5610015,56.1,22817,0.41,2370979,1994830,376149,711858,1380154,2179624,21.8,5.3,0.3,0.63,0.13,14,24,12,0,17.89,28.12,578,0,0,54.8,HIGH,CONDITIONAL APPROVAL,0
296,Iyer & Modi Products & Co,Divya Sinha,33AAAER5143V3ZT,AAAER5143V,Tamil Nadu,Auto Components,47661175,476.6,4574537,9.6,19009204,17160000,1849204,12787491,10324635,8084889,80.8,9.28,3.1,1.28,0.27,12,19,11,1,27.55,23.11,442,0,0,40.7,HIGH,HIGH RISK — COLLATERAL REQUIRED,1
297,Suresh Reddy Suppliers LLP,Suresh Tandon,27OOOHA7420G2Z5,OOOHA7420G,Maharashtra,Logistics,29572453,295.7,2518916,8.52,11295327,8311138,2984189,5742713,10839834,17074026,170.7,2.79,1.6,0.63,0.19,10,60,8,4,13.0,36.53,588,0,0,81.6,LOW,APPROVE,0
298,Jain & Gupta Technologies Pvt Ltd,Satish Agarwal,29DDDJH6583B2ZX,DDDJH6583B,Karnataka,IT/ITES,14475838,144.8,2821397,19.49,5556562,4251852,1304710,2482033,3990959,3682070,36.8,3.26,8.3,1.08,0.17,19,37,12,0,7.76,27.3,632,0,0,100.0,LOW,APPROVE,0
299,Priya Khanna Enterprises & Co,Manish Patel,24CCCBV1914R1ZI,CCCBV1914R,Gujarat,Pharmaceuticals,67305953,673.1,7264058,10.79,28159968,11686016,16473952,9582822,14984691,24182147,241.8,0.71,3.25,0.62,0.14,18,11,3,9,18.08,36.71,557,0,0,92.5,LOW,APPROVE,0
300,Gupta & Verma Exports & Co,Ashish Bhatt,29SSSFS3064U3ZG,SSSFS3064U,Karnataka,Retail,17097448,171.0,509040,2.98,7449619,3805734,3643885,1493847,2665540,9201704,92.0,1.04,0.6,0.29,0.09,8,9,7,5,22.25,18.15,484,1,0,41.1,HIGH,HIGH RISK — COLLATERAL REQUIRED,1
301,Dinesh International Pvt Ltd,Manish Bhatt,21AAAPS3369B1ZW,AAAPS3369B,Odisha,Steel,65807720,658.1,2805025,4.26,26845034,23685667,3159367,14171526,17366825,21980330,219.8,7.5,1.38,0.79,0.22,14,47,3,9,11.96,24.57,542,0,0,45.9,HIGH,HIGH RISK — COLLATERAL REQUIRED,0
302,Mukesh Rao Trading Co,Ashish Patel,36HHHAU4654W1ZT,HHHAU4654W,Telangana,IT/ITES,10852379,108.5,2359618,21.74,4327760,3126652,1201108,1043650,1725905,1780909,17.8,2.6,14.35,0.97,0.1,21,118,9,3,18.58,2.95,738,0,1,100.0,LOW,APPROVE,0
303,Arjun Nair Suppliers Pvt Ltd,Suresh Verma,27LLLAA4262G2ZB,LLLAA4262G,Maharashtra,Logistics,21652992,216.5,1118730,5.17,9878248,5658991,4219257,4237499,10812910,7338933,73.4,1.34,1.65,1.47,0.2,29,63,8,4,23.42,40.99,668,0,0,84.4,LOW,APPROVE,0
304,Dinesh Modi Traders Pvt Ltd,Rakesh Desai,29LLLEF9633Z3ZR,LLLEF9633Z,Karnataka,IT/ITES,3759650,37.6,537044,14.28,2784841,2275403,509439,1662883,1606510,2378303,23.8,4.47,2.45,0.68,0.44,3,47,3,9,9.05,31.15,628,0,0,63.2,MEDIUM,CONDITIONAL APPROVAL,0
305,Sinha & Tandon Suppliers LLP,Mohan Khanna,36QQQTP4428X1ZU,QQQTP4428X,Telangana,Pharmaceuticals,21124290,211.2,4060971,19.22,8028701,7280607,748095,5377415,6941843,5598066,56.0,9.73,6.54,1.24,0.25,21,53,8,4,19.65,4.73,589,0,1,54.4,HIGH,CONDITIONAL APPROVAL,0
306,Ashish Manufacturers & Co,Kavita Sethi,20GGGGN7178S1ZN,GGGGN7178S,Jharkhand,Steel,105419886,1054.2,4178534,3.96,36002354,27205397,8796956,9470415,17363118,42361351,423.6,3.09,1.07,0.41,0.09,23,6,11,1,16.24,17.5,860,0,0,73.5,MEDIUM,APPROVE WITH CONDITIONS,0
307,Jain Associates Ltd,Manish Mishra,33FFFJH5351U1ZM,FFFJH5351U,Tamil Nadu,Retail,7877237,78.8,211199,2.68,3082872,1275257,1807616,920013,1603435,4834914,48.3,0.71,0.47,0.33,0.12,28,22,10,2,25.23,9.12,602,0,0,60.8,MEDIUM,CONDITIONAL APPROVAL,0
308,Khanna Solutions & Co,Ritu Reddy,08WWWTE9898I1ZJ,WWWTE9898I,Rajasthan,Chemicals,15068665,150.7,1995977,13.25,4864289,3746274,1118015,2969750,4477098,7469220,74.7,3.35,2.89,0.6,0.2,20,27,12,0,30.32,32.28,868,0,0,94.6,LOW,APPROVE,0
309,Deshpande & Kulkarni Manufacturers LLP,Sunita Bhatt,33GGGLY7843G2ZS,GGGLY7843G,Tamil Nadu,Logistics,23758203,237.6,1822322,7.67,16830693,3193584,13637109,2413239,4930475,15046150,150.5,0.23,1.31,0.33,0.1,18,127,10,2,22.52,28.93,805,0,0,92.9,LOW,APPROVE,0
310,Mehta International & Co,Mahesh Arora,24KKKTU7404M1ZP,KKKTU7404M,Gujarat,Chemicals,14935634,149.4,1143161,7.65,8903439,4015307,4888132,1945087,4930858,6112067,61.1,0.82,2.03,0.81,0.13,22,5,9,3,39.72,20.29,597,1,0,81.8,LOW,APPROVE,0
311,Khanna Traders Pvt Ltd,Mukesh Bhatt,27JJJEQ2146O1ZN,JJJEQ2146O,Maharashtra,Textile,39527282,395.3,882586,2.23,25749813,23090947,2658866,12909312,22373520,23016093,230.2,8.68,0.42,0.97,0.33,13,41,11,1,9.54,11.07,583,0,0,14.0,VERY HIGH,REJECT,1
312,Sharma & Jain Exports,Ashish Bhatt,33WWWEO5512G1Z9,WWWEO5512G,Tamil Nadu,IT/ITES,6265013,62.7,1820498,29.06,3312458,2367964,944494,1752514,2292082,2459262,24.6,2.51,8.02,0.93,0.28,10,30,6,6,74.03,13.0,671,0,0,81.9,LOW,APPROVE,0
313,Vikram Kumar Exports,Satish Bhatia,27MMMEF2565M3Z2,MMMEF2565M,Maharashtra,IT/ITES,8716722,87.2,1136273,13.04,3569538,1204647,2364892,737560,1234058,4576843,45.8,0.51,2.69,0.27,0.08,12,25,6,6,19.24,22.8,718,0,0,100.0,LOW,APPROVE,0
314,Rakesh Khanna Industries Pvt Ltd,Vikram Sethi,07WWWEX8567M2ZP,WWWEX8567M,Delhi,Retail,5755942,57.6,244831,4.25,3040858,2693569,347289,838774,1376380,2834289,28.3,7.76,0.94,0.49,0.15,6,29,7,5,27.47,19.14,796,0,1,24.6,VERY HIGH,REJECT,1
315,Vikas Agarwal Products Pvt Ltd,Naresh Malhotra,29DDDCJ3034R3ZP,DDDCJ3034R,Karnataka,Pharmaceuticals,86403987,864.0,8932924,10.34,43377063,33862546,9514518,27982246,52890271,49667251,496.7,3.56,1.95,1.06,0.32,19,6,11,1,1.46,7.3,600,1,1,60.3,MEDIUM,CONDITIONAL APPROVAL,0
316,Vikas Suppliers Pvt Ltd,Satish Mishra,24HHHHH4276C1ZQ,HHHHH4276C,Gujarat,Auto Components,17559264,175.6,-767340,-4.37,10243023,9242295,1000728,7182739,15398218,4853444,48.5,9.24,0.3,3.17,0.41,27,35,12,0,44.85,21.56,463,0,0,8.3,VERY HIGH,REJECT,1
317,Sinha & Sharma Enterprises Pvt Ltd,Harish Arora,21DDDHK3844A2ZK,DDDHK3844A,Odisha,Steel,41691617,416.9,3531189,8.47,18095657,4022564,14073093,1913757,3172559,11750590,117.5,0.29,3.26,0.27,0.05,7,40,4,8,12.04,33.89,685,0,0,87.3,LOW,APPROVE,0
318,Ritu Agarwal International Pvt Ltd,Harish Rao,24MMMEY3177K1ZK,MMMEY3177K,Gujarat,Manufacturing,9484617,94.8,549150,5.79,4449008,2333291,2115717,867181,2261194,2385027,23.9,1.1,2.49,0.95,0.09,27,104,6,6,36.35,38.37,458,0,0,83.4,LOW,APPROVE,0
319,Sharma Fabrics LLP,Ramesh Rao,27EEELG1621H3ZS,EEELG1621H,Maharashtra,IT/ITES,6406039,64.1,669489,10.45,5811898,4286645,1525253,2824444,4053922,3229720,32.3,2.81,2.05,1.26,0.44,26,13,8,4,39.12,29.34,718,0,0,90.8,LOW,APPROVE,0
320,Tiwari Manufacturers & Co,Vikram Chopra,29PPPBG1853U1ZD,PPPBG1853U,Karnataka,Food Processing,13799158,138.0,458119,3.32,4537497,1300914,3236583,594479,1489766,6240944,62.4,0.4,0.8,0.24,0.04,13,14,10,2,12.75,9.85,591,0,1,57.4,MEDIUM,CONDITIONAL APPROVAL,0
321,Chopra Associates Pvt Ltd,Deepak Nair,27ZZZJC6891M2ZA,ZZZJC6891M,Maharashtra,Pharmaceuticals,8910543,89.1,1177114,13.21,3132711,2832434,300277,1284425,2817190,4814256,48.1,9.43,2.65,0.59,0.14,22,78,9,3,16.42,15.9,664,0,0,62.5,MEDIUM,CONDITIONAL APPROVAL,0
322,Rajesh Shah Solutions & Co,Anita Sharma,33KKKCW8688G1ZC,KKKCW8688G,Tamil Nadu,IT/ITES,9485146,94.9,2766581,29.17,3910594,3438255,472339,1208534,2241650,2931239,29.3,7.28,10.22,0.76,0.13,8,9,11,1,6.94,8.18,819,0,0,93.4,LOW,APPROVE,0
323,Patel & Singh Exports & Co,Kapil Nair,06YYYHQ9005U3ZN,YYYHQ9005U,Haryana,Manufacturing,22421575,224.2,3214483,14.34,11011774,6798228,4213546,5171719,9718836,5252911,52.5,1.61,5.39,1.85,0.23,22,5,4,8,23.85,13.41,395,0,0,95.5,LOW,APPROVE,0
324,Anita Associates,Kapil Iyer,27MMMTC9495G2ZA,MMMTC9495G,Maharashtra,Food Processing,4180645,41.8,-136120,-3.26,1321478,1130928,190551,907768,1811646,1070029,10.7,5.94,0.3,1.69,0.22,25,65,6,6,21.83,37.62,507,0,0,26.8,VERY HIGH,REJECT,1
325,Yadav Suppliers Pvt Ltd,Rakesh Gupta,29DDDBY7845Q2ZI,DDDBY7845Q,Karnataka,Food Processing,16197127,162.0,1101891,6.8,6204061,2952216,3251845,1652399,4520617,4622456,46.2,0.91,2.58,0.98,0.1,20,29,7,5,46.23,28.66,767,1,0,88.3,LOW,APPROVE,0
326,Priya Modi Exports Pvt Ltd,Mahesh Mehta,27TTTBU3721C2Z5,TTTBU3721C,Maharashtra,Pharmaceuticals,81965730,819.7,12380776,15.1,37361551,7674802,29686749,4679526,7010889,14579047,145.8,0.26,9.2,0.48,0.06,4,59,10,2,3.24,12.67,806,0,0,100.0,LOW,APPROVE,0
327,Paresh Kulkarni International Pvt Ltd,Neha Khanna,03PPPJY6521T2ZL,PPPJY6521T,Punjab,Food Processing,28936531,289.4,1545861,5.34,13843562,11849507,1994055,6731963,6296484,14585910,145.9,5.94,1.15,0.43,0.23,7,11,5,7,21.53,8.39,697,0,0,39.9,HIGH,HIGH RISK — COLLATERAL REQUIRED,1
328,Rajesh Joshi Industries,Ashish Chopra,24HHHHO8785Q2ZC,HHHHO8785Q,Gujarat,Pharmaceuticals,26063999,260.6,4964762,19.05,16505016,9871409,6633607,6096781,13037035,15065222,150.7,1.49,3.57,0.87,0.23,10,168,10,2,19.51,17.25,604,0,0,91.4,LOW,APPROVE,0
329,Ganesh Bhatt Solutions,Naresh Chopra,27QQQTZ9267B1ZV,QQQTZ9267B,Maharashtra,Retail,17300328,173.0,1173460,6.78,8540794,6633758,1907036,5311173,10040693,5726079,57.3,3.48,1.91,1.75,0.31,6,5,11,1,13.51,51.99,529,0,0,61.8,MEDIUM,CONDITIONAL APPROVAL,0
330,Malhotra & Malhotra Products,Arjun Reddy,27XXXGV8803V1Z8,XXXGV8803V,Maharashtra,Textile,8298353,83.0,961257,11.58,6996111,5655624,1340488,2939281,2307629,4507073,45.1,4.22,2.31,0.51,0.35,7,16,6,6,1.43,33.35,700,0,0,70.1,MEDIUM,APPROVE WITH CONDITIONS,0
331,Rajesh Bhatt Industries & Co,Neha Joshi,27GGGBS7025E2ZO,GGGBS7025E,Maharashtra,Auto Components,30751152,307.5,1814554,5.9,15611485,13417206,2194278,5318614,6400637,7673226,76.7,6.11,2.56,0.83,0.17,19,23,10,2,51.16,28.32,512,0,0,62.7,MEDIUM,CONDITIONAL APPROVAL,0
332,Tandon Products Pvt Ltd,Mukesh Reddy,36EEEEZ1562T2ZJ,EEEEZ1562T,Telangana,Pharmaceuticals,41763184,417.6,8554817,20.48,18224022,14123447,4100575,7470358,10475423,17612488,176.1,3.44,5.26,0.59,0.18,18,88,10,2,15.15,72.06,633,0,0,96.9,LOW,APPROVE,0
333,Ashish Khanna Brothers Pvt Ltd,Harish Kapoor,27FFFAR7427K2ZU,FFFAR7427K,Maharashtra,Textile,26355585,263.6,2593874,9.84,10482305,7848137,2634167,5603073,13336740,8008740,80.1,2.98,3.51,1.67,0.21,9,89,12,0,55.04,25.09,725,0,0,89.4,LOW,APPROVE,0
334,Naresh International LLP,Kavita Singh,27ZZZFX1149L3Z6,ZZZFX1149L,Maharashtra,Pharmaceuticals,28844828,288.4,5933264,20.57,15727981,8314974,7413007,6589335,7910494,11167349,111.7,1.12,5.76,0.71,0.23,27,40,10,2,15.25,37.26,760,0,0,100.0,LOW,APPROVE,0
335,Sethi International Pvt Ltd,Suresh Tandon,27FFFEX7150Y3Z5,FFFEX7150Y,Maharashtra,IT/ITES,12808962,128.1,24286,0.19,7471019,3264301,4206718,2623643,4546167,8252233,82.5,0.78,0.3,0.55,0.2,28,5,10,2,33.88,32.97,526,0,0,56.1,MEDIUM,CONDITIONAL APPROVAL,0
336,Patel Brothers & Co,Deepak Shah,27NNNGS3051D2Z4,NNNGS3051D,Maharashtra,Auto Components,43047606,430.5,3753698,8.72,19546689,14968929,4577760,11484773,27738899,21381790,213.8,3.27,1.9,1.3,0.27,23,6,12,0,9.14,9.57,643,0,0,86.2,LOW,APPROVE,0
337,Sharma & Desai Products & Co,Sunil Arora,33FFFBR5206Y1Z5,FFFBR5206Y,Tamil Nadu,Logistics,5508728,55.1,578924,10.51,2855480,1805727,1049753,1056896,2100573,3126198,31.3,1.72,2.01,0.67,0.19,29,179,12,0,36.09,13.72,634,1,0,81.0,LOW,APPROVE,0
338,Iyer Traders,Sunita Kapoor,08BBBFB4081E2ZD,BBBFB4081E,Rajasthan,Chemicals,7361740,73.6,1311259,17.81,5141787,3979297,1162490,2991382,6005108,2806345,28.1,3.42,3.8,2.14,0.41,20,33,12,0,14.69,15.45,714,0,0,100.0,LOW,APPROVE,0
339,Vikas Bhatia Solutions Pvt Ltd,Anita Agarwal,03UUUGU4156W2ZW,UUUGU4156W,Punjab,Manufacturing,5847079,58.5,312696,5.35,5077524,4114887,962637,2080199,3458787,2171348,21.7,4.27,1.3,1.59,0.36,17,43,12,0,12.35,34.4,544,1,0,47.2,HIGH,HIGH RISK — COLLATERAL REQUIRED,0
340,Naresh Modi Traders & Co,Vikas Joshi,24HHHGA2604M1ZO,HHHGA2604M,Gujarat,Chemicals,15609912,156.1,1729629,11.08,8007704,6932707,1074997,3653311,3499351,9712042,97.1,6.45,1.93,0.36,0.23,6,60,8,4,25.69,22.23,566,0,0,52.6,HIGH,CONDITIONAL APPROVAL,0
341,Paresh Suppliers Pvt Ltd,Neha Desai,27TTTLP3090I1ZW,TTTLP3090I,Maharashtra,IT/ITES,8819684,88.2,1548874,17.56,4170405,3469056,701348,1698546,1022996,2054035,20.5,4.95,7.9,0.5,0.19,27,44,10,2,20.13,27.54,790,0,0,87.1,LOW,APPROVE,0
342,Desai & Arora Associates Pvt Ltd,Sunil Tandon,24UUUBJ7660Y2Z5,UUUBJ7660Y,Gujarat,Auto Components,25996586,260.0,1652281,6.36,10140676,6914174,3226502,2394188,3208220,5930066,59.3,2.14,3.02,0.54,0.09,21,96,9,3,36.77,21.21,683,0,0,83.2,LOW,APPROVE,0
343,Deshpande & Gupta Brothers LLP,Vikas Sinha,27WWWLW9754X2ZF,WWWLW9754X,Maharashtra,Retail,9030799,90.3,357737,3.96,7378361,4440848,2937513,1870125,1441061,3809066,38.1,1.51,1.02,0.38,0.21,15,9,6,6,20.69,16.54,459,0,0,61.8,MEDIUM,CONDITIONAL APPROVAL,0
344,Divya Industries Ltd,Naresh Shah,03DDDGJ8915J2ZD,DDDGJ8915J,Punjab,Manufacturing,37873363,378.7,3061576,8.08,13257036,10739154,2517883,3920080,4766928,15322599,153.2,4.27,2.16,0.31,0.1,16,13,7,5,6.54,20.8,513,0,0,68.9,MEDIUM,APPROVE WITH CONDITIONS,0
345,Iyer & Mehta Trading Co,Vikas Verma,27QQQPE7729D2Z0,QQQPE7729D,Maharashtra,Chemicals,43430127,434.3,4851630,11.17,40013476,17417426,22596050,6402631,15365932,27058091,270.6,0.77,1.94,0.57,0.15,23,32,8,4,21.67,7.98,774,0,0,97.0,LOW,APPROVE,0
346,Arora & Verma International LLP,Sunil Modi,09JJJAE7464N3ZL,JJJAE7464N,Uttar Pradesh,Chemicals,21991589,219.9,-356049,-1.62,18526293,7820207,10706086,3053308,6609179,5328876,53.3,0.73,0.3,1.24,0.14,4,22,12,0,13.18,35.41,659,0,1,51.5,HIGH,CONDITIONAL APPROVAL,0
347,Vikram Works Pvt Ltd,Vikram Chopra,27BBBEK8039T3Z0,BBBEK8039T,Maharashtra,Manufacturing,13436043,134.4,1479676,11.01,5373800,4339154,1034646,3171199,3138376,6938331,69.4,4.19,2.31,0.45,0.24,22,60,11,1,12.27,34.81,504,1,0,63.6,MEDIUM,CONDITIONAL APPROVAL,0
348,Singh Brothers Pvt Ltd,Arjun Kulkarni,29FFFFS3436H1Z8,FFFFS3436H,Karnataka,Food Processing,11962261,119.6,924840,7.73,9248955,7636057,1612898,5184572,3296197,4648744,46.5,4.73,1.55,0.71,0.43,7,15,11,1,25.01,40.12,643,0,0,44.9,HIGH,HIGH RISK — COLLATERAL REQUIRED,1
349,Mehta & Chopra Traders Ltd,Paresh Kulkarni,33LLLGL7849H2Z3,LLLGL7849H,Tamil Nadu,IT/ITES,24910967,249.1,-1011147,-4.06,16845201,8347953,8497249,2719691,7037221,4732509,47.3,0.98,0.3,1.49,0.11,6,68,9,3,24.36,24.61,616,1,1,24.3,VERY HIGH,REJECT,1
350,Tiwari Works LLP,Rakesh Sethi,27KKKHX6920X3ZX,KKKHX6920X,Maharashtra,Auto Components,24476289,244.8,-755442,-3.09,8899653,3844005,5055648,2754309,5983664,10661491,106.6,0.76,0.3,0.56,0.11,24,22,10,2,50.57,23.87,541,0,0,47.2,HIGH,HIGH RISK — COLLATERAL REQUIRED,0
351,Modi & Chopra Enterprises LLP,Suresh Kumar,27YYYFR3517B1ZC,YYYFR3517B,Maharashtra,Manufacturing,22870219,228.7,804418,3.52,20878290,13630378,7247912,7791872,10542944,13782581,137.8,1.88,0.63,0.76,0.34,17,7,6,6,15.77,30.63,750,0,0,63.0,MEDIUM,CONDITIONAL APPROVAL,0
352,Malhotra Fabrics LLP,Rajesh Kapoor,22ZZZFX7512P3ZY,ZZZFX7512P,Chhattisgarh,Steel,35911085,359.1,2578903,7.18,16231576,12315618,3915958,10291172,27445986,18857974,188.6,3.14,1.48,1.46,0.29,21,75,12,0,31.37,15.51,615,1,0,72.7,MEDIUM,APPROVE WITH CONDITIONS,0
353,Vikram Solutions Pvt Ltd,Satish Jain,07FFFFB9741H2Z2,FFFFB9741H,Delhi,Logistics,29112651,291.1,1565248,5.38,12237042,7279958,4957084,4479098,3805505,6113849,61.1,1.47,2.77,0.62,0.15,8,30,9,3,28.73,23.61,620,0,0,95.1,LOW,APPROVE,0
354,Priya Products Ltd,Mukesh Khanna,07BBBEA6824H3ZH,BBBEA6824H,Delhi,Logistics,30490362,304.9,2427851,7.96,13334533,12110765,1223768,6679496,7945437,9661752,96.6,9.9,2.72,0.82,0.22,10,15,7,5,16.84,15.69,465,0,0,49.9,HIGH,HIGH RISK — COLLATERAL REQUIRED,0
355,Mishra & Agarwal Traders Pvt Ltd,Vikram Kapoor,29CCCJF8526F1ZC,CCCJF8526F,Karnataka,Pharmaceuticals,54596462,546.0,11073816,20.28,46199345,22291538,23907808,17363026,22209224,15775212,157.8,0.93,5.53,1.41,0.32,9,66,9,3,15.53,8.42,649,0,0,95.7,LOW,APPROVE,0
356,Sunil Rao Associates Pvt Ltd,Rakesh Verma,29DDDLM1339D1Z2,DDDLM1339D,Karnataka,IT/ITES,16189705,161.9,5165706,31.91,5730345,5114483,615862,2163050,5371186,6357732,63.6,8.3,8.8,0.84,0.13,18,47,9,3,49.3,45.55,725,0,1,39.4,HIGH,HIGH RISK — COLLATERAL REQUIRED,1
357,Arjun Industries Pvt Ltd,Arjun Malhotra,33RRRGU9906D1Z2,RRRGU9906D,Tamil Nadu,Retail,4432012,44.3,284696,6.42,2423750,1912385,511365,604652,307951,2688112,26.9,3.74,1.15,0.11,0.14,10,40,6,6,12.78,12.22,745,0,0,66.1,MEDIUM,APPROVE WITH CONDITIONS,0
358,Kavita Traders,Divya Sinha,06LLLBT6467D2Z5,LLLBT6467D,Haryana,Manufacturing,56545744,565.5,6781242,11.99,25647974,15068728,10579246,8967210,5580739,8814252,88.1,1.42,6.55,0.63,0.16,5,47,7,5,47.04,23.15,534,1,0,60.4,MEDIUM,CONDITIONAL APPROVAL,0
359,Malhotra & Deshpande International LLP,Ritu Bhatia,27EEEHE7399O3ZU,EEEHE7399O,Maharashtra,Auto Components,13565766,135.7,1864767,13.75,6624277,2786974,3837303,1121401,1243070,2964959,29.6,0.73,6.81,0.42,0.08,5,26,8,4,18.15,18.33,716,0,0,100.0,LOW,APPROVE,0
360,Arjun Malhotra Enterprises & Co,Paresh Tandon,22RRRJR9745P3ZY,RRRJR9745P,Chhattisgarh,Steel,60491057,604.9,4636865,7.67,29582532,6830724,22751808,2917492,3160692,38919495,389.2,0.3,1.29,0.08,0.05,26,7,8,4,15.96,31.79,701,0,0,76.3,LOW,APPROVE WITH CONDITIONS,0
361,Mukesh Reddy Industries,Dinesh Tandon,24EEEGO3361R2ZF,EEEGO3361R,Gujarat,Pharmaceuticals,47149300,471.5,-1312710,-2.78,18004627,15844305,2160322,9798965,8163301,12046771,120.5,7.33,0.3,0.68,0.21,4,103,6,6,9.57,35.9,538,0,0,28.6,VERY HIGH,REJECT,1
362,Harish Tandon Brothers,Deepak Kumar,21SSSLE3988P3Z8,SSSLE3988P,Odisha,Steel,133170669,1331.7,-2218495,-1.67,42974098,34626026,8348072,24433812,44047827,64438320,644.4,4.15,0.3,0.68,0.18,28,87,10,2,28.87,4.64,553,1,1,22.4,VERY HIGH,REJECT,1
363,Vikas Iyer Enterprises & Co,Neha Tandon,08IIITQ6014W1ZR,IIITQ6014W,Rajasthan,Textile,19067559,190.7,1378782,7.23,10239392,9111727,1127665,4838837,3689422,7318688,73.2,8.08,2.04,0.5,0.25,15,34,6,6,20.28,10.55,512,0,0,42.1,HIGH,HIGH RISK — COLLATERAL REQUIRED,1
364,Mehta Enterprises Pvt Ltd,Mohan Jain,09GGGGD2710C2ZL,GGGGD2710C,Uttar Pradesh,Chemicals,27279496,272.8,1247742,4.57,8963274,4553077,4410197,1741264,2525622,8324077,83.2,1.03,1.62,0.3,0.06,24,10,5,7,12.21,3.39,582,0,0,76.6,LOW,APPROVE WITH CONDITIONS,0
365,Mehta & Singh Industries & Co,Ritu Sharma,20JJJAL5626M3ZC,JJJAL5626M,Jharkhand,Steel,91496880,915.0,2166162,2.37,63590331,49919428,13670903,38448259,19882373,25679765,256.8,3.65,0.49,0.77,0.42,13,98,10,2,29.86,36.19,582,1,0,31.4,VERY HIGH,REJECT,1
366,Manish Sethi Associates Pvt Ltd,Kapil Arora,33WWWFG3307Y3ZA,WWWFG3307Y,Tamil Nadu,Auto Components,9953045,99.5,835194,8.39,3554145,1092592,2461553,653555,1448540,1671501,16.7,0.44,5.41,0.87,0.07,19,25,12,0,14.83,16.42,622,0,1,88.4,LOW,APPROVE,0
367,Kapoor & Nair Trading Co Ltd,Sunil Modi,27ZZZBP2541O2ZA,ZZZBP2541O,Maharashtra,Manufacturing,53967877,539.7,4661493,8.64,23215523,10706031,12509493,5712222,11635967,26054707,260.5,0.86,1.94,0.45,0.11,10,106,3,9,16.9,11.03,714,0,0,76.0,LOW,APPROVE WITH CONDITIONS,0
368,Paresh Jain Products LLP,Kapil Mehta,27VVVCO7008Q3ZK,VVVCO7008Q,Maharashtra,Steel,99399434,994.0,-3679447,-3.7,37479071,32312611,5166460,13495712,25013708,30540824,305.4,6.25,0.3,0.82,0.14,11,17,12,0,24.33,12.88,476,0,0,30.7,VERY HIGH,REJECT,1
369,Kulkarni & Agarwal International Ltd,Mukesh Tandon,24OOOEC6716O2ZY,OOOEC6716O,Gujarat,Auto Components,31801065,318.0,3584955,11.27,14769799,10596156,4173644,8600506,7552060,8397579,84.0,2.54,3.61,0.9,0.27,16,45,6,6,9.25,21.48,397,1,0,79.2,LOW,APPROVE WITH CONDITIONS,0
370,Kavita Exports Ltd,Sunita Jain,03GGGHS1513T2Z3,GGGHS1513T,Punjab,Manufacturing,8456187,84.6,347389,4.11,3197164,1888862,1308302,1041562,2690736,3204987,32.0,1.44,1.17,0.84,0.12,21,22,5,7,29.19,4.47,617,0,0,65.7,MEDIUM,APPROVE WITH CONDITIONS,0
371,Tandon Fabrics,Dinesh Singh,24BBBBN6603Y2ZA,BBBBN6603Y,Gujarat,Auto Components,18897909,189.0,1451327,7.68,9176628,1556921,7619707,598175,1177034,10145029,101.5,0.2,1.55,0.12,0.03,6,11,11,1,40.09,22.93,554,0,0,67.6,MEDIUM,APPROVE WITH CONDITIONS,0
372,Mehta Industries Pvt Ltd,Rakesh Shah,08KKKBZ7658I3Z0,KKKBZ7658I,Rajasthan,Chemicals,25359499,253.6,-1159250,-4.57,20938607,18739471,2199136,11297291,28504150,10056064,100.6,8.52,0.3,2.83,0.45,2,18,8,4,15.06,27.99,663,0,0,19.4,VERY HIGH,REJECT,1
373,Yadav & Kumar Fabrics LLP,Kiran Chopra,08WWWJU8471N2ZM,WWWJU8471N,Rajasthan,Chemicals,36431127,364.3,-1536789,-4.22,18999472,16117553,2881919,13086371,14707999,13945697,139.5,5.59,0.3,1.05,0.36,14,30,11,1,32.36,39.22,588,0,0,25.4,VERY HIGH,REJECT,1
374,Kapoor & Malhotra Enterprises Pvt Ltd,Anil Deshpande,27TTTLD9133X3ZY,TTTLD9133X,Maharashtra,Auto Components,12326883,123.3,1541437,12.5,5110768,2239742,2871026,1441253,3032608,2247535,22.5,0.78,7.43,1.35,0.12,16,194,12,0,22.66,1.8,715,1,0,100.0,LOW,APPROVE,0
375,Mahesh Industries Pvt Ltd,Manish Kumar,33LLLFQ5646I3ZG,LLLFQ5646I,Tamil Nadu,Retail,17618612,176.2,727268,4.13,10913776,6679531,4234245,4636807,9833025,4036786,40.4,1.58,1.36,2.44,0.26,14,9,8,4,30.11,13.63,529,0,0,72.2,MEDIUM,APPROVE WITH CONDITIONS,0
376,Chopra Manufacturers Pvt Ltd,Satish Tiwari,27BBBTN3111U2ZB,BBBTN3111U,Maharashtra,Steel,35261851,352.6,2926356,8.3,21923613,18943651,2979962,5740552,5186385,21930945,219.3,6.36,1.45,0.24,0.16,11,6,10,2,11.49,5.48,562,0,0,50.7,HIGH,CONDITIONAL APPROVAL,0
377,Reddy Exports Pvt Ltd,Suresh Mehta,27TTTPC7265A3Z8,TTTPC7265A,Maharashtra,Manufacturing,66656072,666.6,71198,0.11,21274956,16787934,4487023,9545132,18868445,21059427,210.6,3.74,0.3,0.9,0.14,26,85,11,1,32.93,54.27,517,0,0,50.7,HIGH,CONDITIONAL APPROVAL,0
378,Bhatia & Malhotra Technologies Ltd,Vikas Yadav,06FFFBC9097L1ZP,FFFBC9097L,Haryana,Manufacturing,29161222,291.6,2483932,8.52,15945704,13261124,2684580,7902611,15308865,10915208,109.2,4.94,2.47,1.4,0.27,25,30,7,5,27.72,24.24,769,1,0,86.5,LOW,APPROVE,0
379,Rajesh Kumar Fabrics,Mukesh Patel,27DDDHL8928T3ZY,DDDHL8928T,Maharashtra,Auto Components,26004929,260.0,1328027,5.11,9268807,7304762,1964045,4670810,10003437,5027780,50.3,3.72,2.46,1.99,0.18,16,67,11,1,13.46,15.86,505,0,0,89.4,LOW,APPROVE,0
380,Rajan Traders Pvt Ltd,Vikas Tiwari,27PPPFC6710W3ZI,PPPFC6710W,Maharashtra,Chemicals,21869072,218.7,3427660,15.67,7997150,6405292,1591858,2873019,1644614,11817319,118.2,4.02,3.14,0.14,0.13,29,13,12,0,11.31,12.73,751,0,0,93.2,LOW,APPROVE,0
381,Sharma Fabrics Ltd,Satish Chopra,33TTTBT7275N1ZM,TTTBT7275N,Tamil Nadu,Retail,1817988,18.2,87913,4.84,960170,263221,696950,216832,516846,650507,6.5,0.38,1.46,0.79,0.12,15,108,10,2,26.45,24.99,738,0,0,85.6,LOW,APPROVE,0
382,Priya Exports & Co,Dinesh Bhatia,36KKKBA6219W1ZL,KKKBA6219W,Telangana,Pharmaceuticals,50718717,507.2,8220912,16.21,23775403,16650475,7124928,6304532,13503202,28224921,282.2,2.34,3.16,0.48,0.12,4,80,12,0,7.93,21.27,459,0,0,89.0,LOW,APPROVE,0
383,Satish Malhotra Manufacturers & Co,Mahesh Kulkarni,36BBBGN2953D2ZA,BBBGN2953D,Telangana,IT/ITES,18867493,188.7,4630413,24.54,7195438,2671859,4523579,1090262,1643227,7500793,75.0,0.59,6.69,0.22,0.06,12,562,4,8,8.38,19.6,786,1,0,100.0,LOW,APPROVE,0
384,Ramesh Khanna Exports,Sunil Mehta,24KKKHM2306R2ZV,KKKHM2306R,Gujarat,Textile,14950776,149.5,1124068,7.52,10723164,9399207,1323956,5795912,13045254,8768407,87.7,7.1,1.39,1.49,0.39,12,263,7,5,7.97,47.79,743,0,0,59.4,MEDIUM,CONDITIONAL APPROVAL,0
385,Ramesh Bhatt Enterprises Ltd,Sunil Joshi,09RRRAW1860I1Z7,RRRAW1860I,Uttar Pradesh,Chemicals,16517725,165.2,2289520,13.86,6013843,2971318,3042525,1454026,2024112,9834592,98.3,0.98,2.52,0.21,0.09,4,182,10,2,53.98,13.73,535,0,0,70.1,MEDIUM,APPROVE WITH CONDITIONS,0
386,Arjun Jain Exports Ltd,Mukesh Shah,29PPPEP5596K3ZU,PPPEP5596K,Karnataka,Pharmaceuticals,18647669,186.5,1789476,9.6,7856139,4353541,3502597,2600951,6839195,3049713,30.5,1.24,5.96,2.24,0.14,24,5,10,2,6.07,26.29,435,0,0,100.0,LOW,APPROVE,0
387,Priya Trading Co & Co,Kavita Kumar,29SSSPQ6134Y2ZT,SSSPQ6134Y,Karnataka,Food Processing,10547294,105.5,447190,4.24,3359834,3027761,332073,1165421,3030546,3343816,33.4,9.12,1.45,0.91,0.11,19,29,9,3,24.26,13.18,617,1,0,25.2,VERY HIGH,REJECT,1
388,Mukesh Traders LLP,Paresh Mehta,27OOOCI1468P3ZX,OOOCI1468P,Maharashtra,Auto Components,28077282,280.8,2933159,10.45,14322217,11381002,2941214,5934027,15992880,9352490,93.5,3.87,3.4,1.71,0.21,1,40,5,7,29.17,22.59,564,0,0,64.6,MEDIUM,CONDITIONAL APPROVAL,0
389,Mehta & Iyer Manufacturers & Co,Sunita Khanna,08TTTGQ9087Q2Z6,TTTGQ9087Q,Rajasthan,Textile,22038084,220.4,2150161,9.76,8816171,3853817,4962353,1555587,1333221,3463077,34.6,0.78,6.73,0.38,0.07,13,26,12,0,18.92,30.18,828,0,0,100.0,LOW,APPROVE,0
390,Agarwal & Kumar Traders Ltd,Kapil Shah,24ZZZFL5718W3ZI,ZZZFL5718W,Gujarat,Manufacturing,12488363,124.9,1485949,11.9,5532355,4277279,1255076,2562611,5758429,7223966,72.2,3.41,2.23,0.8,0.21,19,88,10,2,9.91,24.84,687,0,0,88.1,LOW,APPROVE,0
391,Divya Rao Trading Co Pvt Ltd,Harish Kulkarni,33VVVAT6769P3Z0,VVVAT6769P,Tamil Nadu,Retail,16096087,161.0,1061009,6.59,7559556,6609812,949745,3408759,6588660,6863960,68.6,6.96,1.67,0.96,0.21,14,26,7,5,13.71,18.35,525,0,1,40.0,HIGH,HIGH RISK — COLLATERAL REQUIRED,1
392,Deshpande & Arora Industries Pvt Ltd,Paresh Tiwari,33LLLJA6777J3ZL,LLLJA6777J,Tamil Nadu,Retail,3796950,38.0,239006,6.29,3221293,2922504,298789,2199518,2908451,895852,9.0,9.78,0.94,3.25,0.58,25,19,9,3,16.8,25.19,605,0,0,36.3,HIGH,HIGH RISK — COLLATERAL REQUIRED,1
393,Rakesh Industries & Co,Kiran Modi,24UUUER8360Q1ZG,UUUER8360Q,Gujarat,Manufacturing,56761367,567.6,8391237,14.78,42707666,25574210,17133456,17156603,29765407,36427201,364.3,1.49,2.5,0.82,0.3,28,27,10,2,26.18,31.44,669,1,0,84.6,LOW,APPROVE,0
394,Dinesh Desai Industries LLP,Ramesh Nair,08JJJTR3664J2ZI,JJJTR3664J,Rajasthan,Textile,14252697,142.5,1623425,11.39,11732598,9763008,1969590,7691968,21142300,4740982,47.4,4.96,1.83,4.46,0.54,11,23,9,3,28.77,18.1,789,0,0,73.7,MEDIUM,APPROVE WITH CONDITIONS,0
395,Vikram Associates,Harish Bhatt,36RRRCC5434E3ZC,RRRCC5434E,Telangana,Pharmaceuticals,10474067,104.7,1793208,17.12,9657070,7873466,1783603,5551427,12155554,5765207,57.7,4.41,2.8,2.11,0.53,12,299,12,0,11.78,20.07,635,0,0,87.0,LOW,APPROVE,0
396,Priya Associates LLP,Ashish Kapoor,29GGGGE7820R1ZJ,GGGGE7820R,Karnataka,Pharmaceuticals,84340760,843.4,5523426,6.55,33259203,27397905,5861298,20908383,45444672,21182112,211.8,4.67,2.29,2.15,0.25,22,80,12,0,12.77,2.42,596,0,0,89.0,LOW,APPROVE,0
397,Shah & Kapoor Associates & Co,Ramesh Jain,09AAALC3303T2ZF,AAALC3303T,Uttar Pradesh,Chemicals,17714904,177.1,1295020,7.31,6281340,2971367,3309974,1450546,1937801,9086186,90.9,0.9,1.54,0.21,0.08,19,151,12,0,31.48,7.31,513,0,0,92.7,LOW,APPROVE,0
398,Arora Traders Pvt Ltd,Anil Agarwal,33JJJTP6428B1ZW,JJJTP6428B,Tamil Nadu,Textile,23988350,239.9,1735659,7.24,10387413,9354349,1033065,4454937,8071179,4579598,45.8,9.05,3.38,1.76,0.19,9,24,8,4,43.07,14.01,579,0,1,31.4,VERY HIGH,REJECT,1
399,Harish Khanna Trading Co Pvt Ltd,Deepak Singh,27PPPAQ8271M1Z7,PPPAQ8271M,Maharashtra,Textile,18278052,182.8,925214,5.06,6918604,3220164,3698440,1383737,1956390,5343029,53.4,0.87,1.88,0.37,0.08,24,26,7,5,20.69,14.11,832,1,0,88.6,LOW,APPROVE,0
400,Sunita Malhotra Suppliers Pvt Ltd,Harish Sharma,27JJJED9076L3ZH,JJJED9076L,Maharashtra,Food Processing,27136053,271.4,2519934,9.29,24558803,6401382,18157421,4473172,5751653,8811304,88.1,0.35,3.1,0.65,0.16,6,61,11,1,49.14,51.1,536,0,0,84.3,LOW,APPROVE,0
401,Malhotra Fabrics Pvt Ltd,Mohan Bhatt,27XXXJI1149F2ZW,XXXJI1149F,Maharashtra,Steel,122292611,1222.9,-5987704,-4.9,65733535,32413049,33320486,10572707,21575621,38957765,389.6,0.97,0.3,0.55,0.09,7,35,11,1,12.2,25.15,545,0,0,61.8,MEDIUM,CONDITIONAL APPROVAL,0
402,Rajan Verma Suppliers Ltd,Divya Tandon,29VVVCS9306Y3ZX,VVVCS9306Y,Karnataka,IT/ITES,19570369,195.7,2023184,10.34,7601286,3423025,4178261,1226721,634685,5442035,54.4,0.82,4.03,0.12,0.06,24,18,10,2,10.03,26.09,657,0,0,94.6,LOW,APPROVE,0
403,Joshi & Mehta Suppliers LLP,Sunil Mishra,27FFFLY7882C1ZG,FFFLY7882C,Maharashtra,Chemicals,18481670,184.8,2621986,14.19,9620264,8158897,1461367,3413323,4253493,8975251,89.8,5.58,3.16,0.47,0.18,16,155,3,9,20.5,14.17,753,0,0,78.1,LOW,APPROVE WITH CONDITIONS,0
404,Arora & Mishra Solutions Pvt Ltd,Ashish Deshpande,09NNNPZ4150C3Z1,NNNPZ4150C,Uttar Pradesh,Food Processing,10390272,103.9,770599,7.42,4422867,3976556,446311,1390201,1232330,2941979,29.4,8.91,2.84,0.42,0.13,24,5,12,0,17.9,18.76,769,0,0,58.9,MEDIUM,CONDITIONAL APPROVAL,0
405,Kiran Technologies Ltd,Dinesh Rao,21SSSBE9474J1Z7,SSSBE9474J,Odisha,Steel,106329000,1063.3,7420416,6.98,35184051,12211703,22972349,8398162,4384902,29037770,290.4,0.53,2.77,0.15,0.08,22,40,4,8,1.77,8.61,789,0,0,99.7,LOW,APPROVE,0
406,Rajan Mishra International Pvt Ltd,Ashish Agarwal,07PPPGU1491B2ZQ,PPPGU1491B,Delhi,Logistics,17083304,170.8,604770,3.54,11341408,8102916,3238492,5738765,10198377,9850639,98.5,2.5,0.67,1.04,0.34,17,88,9,3,26.69,14.95,604,0,1,53.6,HIGH,CONDITIONAL APPROVAL,0
407,Kavita Tandon Exports Pvt Ltd,Priya Malhotra,29DDDAP9316H3ZM,DDDAP9316H,Karnataka,IT/ITES,8941750,89.4,2761183,30.88,8696574,7419033,1277541,3171572,2884507,2742866,27.4,5.81,7.55,1.05,0.35,9,61,6,6,26.12,30.47,647,1,0,60.4,MEDIUM,CONDITIONAL APPROVAL,0
408,Shah Manufacturers LLP,Pooja Yadav,29TTTHL4172K2Z3,TTTHL4172K,Karnataka,Pharmaceuticals,20114388,201.1,4225576,21.01,7266020,3298791,3967228,2326329,4938083,5702368,57.0,0.83,8.03,0.87,0.12,22,6,8,4,13.97,36.76,501,1,1,87.3,LOW,APPROVE,0
409,Ashish Technologies Pvt Ltd,Vikram Iyer,27EEETM8843V1Z4,EEETM8843V,Maharashtra,Auto Components,31451971,314.5,3042196,9.67,16223158,10396071,5827086,7056376,6462518,9278625,92.8,1.78,3.55,0.7,0.22,2,27,10,2,10.47,20.06,715,0,0,75.1,LOW,APPROVE WITH CONDITIONS,0
410,Pooja Products LLP,Mohan Malhotra,24IIIBG3246Q1ZJ,IIIBG3246Q,Gujarat,Chemicals,33972574,339.7,-1483469,-4.37,31528966,25161951,6367015,16747360,41597938,20008403,200.1,3.95,0.3,2.08,0.49,21,9,11,1,29.79,8.48,346,0,0,42.3,HIGH,HIGH RISK — COLLATERAL REQUIRED,1
411,Bhatt Industries & Co,Suresh Kulkarni,27MMMLO1727H1ZO,MMMLO1727H,Maharashtra,Auto Components,41081425,410.8,-1776107,-4.32,18737503,12365724,6371779,5360464,10138989,18262472,182.6,1.94,0.3,0.56,0.13,18,287,12,0,10.13,33.47,692,0,1,47.4,HIGH,HIGH RISK — COLLATERAL REQUIRED,0
412,Neha Suppliers Pvt Ltd,Ganesh Rao,27ZZZBR7358X3ZI,ZZZBR7358X,Maharashtra,Steel,97054213,970.5,6209906,6.4,31025107,19990777,11034330,13833318,13767643,52304222,523.0,1.81,1.29,0.26,0.14,19,7,10,2,1.71,12.19,849,0,0,89.8,LOW,APPROVE,0
413,Rajan Yadav Trading Co LLP,Mohan Joshi,07VVVGZ1202D2ZK,VVVGZ1202D,Delhi,Logistics,8996724,90.0,952694,10.59,3897756,2797621,1100135,1078342,2726655,4549038,45.5,2.54,2.27,0.6,0.12,4,35,8,4,43.65,22.59,603,0,0,80.2,LOW,APPROVE,0
414,Pooja Works Ltd,Rajan Patel,06EEEFU3858E3Z3,EEEFU3858E,Haryana,Manufacturing,9750546,97.5,450332,4.62,3420451,2487473,932978,1954650,2267970,6276834,62.8,2.67,0.78,0.36,0.2,20,5,10,2,7.08,45.89,663,0,0,63.5,MEDIUM,CONDITIONAL APPROVAL,0
415,Satish Works Ltd,Ritu Desai,24QQQBH4343K3ZN,QQQBH4343K,Gujarat,Chemicals,33482418,334.8,4727264,14.12,13920371,4680077,9240294,1674936,2097689,15174120,151.7,0.51,3.37,0.14,0.05,5,10,7,5,39.59,5.73,624,1,0,53.5,HIGH,CONDITIONAL APPROVAL,0
416,Jain & Agarwal Technologies Pvt Ltd,Anil Gupta,20AAABT4464Z2ZW,AAABT4464Z,Jharkhand,Steel,15264324,152.6,815638,5.34,7407608,5546315,1861293,3707113,6270780,6757137,67.6,2.98,1.31,0.93,0.24,16,23,11,1,23.82,10.49,595,0,0,69.2,MEDIUM,APPROVE WITH CONDITIONS,0
417,Deshpande & Agarwal Technologies Ltd,Arjun Sethi,27SSSGH6385H2ZE,SSSGH6385H,Maharashtra,Steel,14980536,149.8,1289437,8.61,5609456,4698967,910488,3086195,3077611,7260897,72.6,5.16,1.92,0.42,0.21,18,102,7,5,31.99,18.42,624,0,0,69.7,MEDIUM,APPROVE WITH CONDITIONS,0
418,Manish Joshi Enterprises Pvt Ltd,Vikas Modi,27YYYLV3263T2ZI,YYYLV3263T,Maharashtra,IT/ITES,16923804,169.2,3043229,17.98,11005476,9999859,1005617,4303957,3799786,6098269,61.0,9.94,5.41,0.62,0.25,16,70,6,6,35.13,31.75,562,1,0,27.8,VERY HIGH,REJECT,1
419,Priya Chopra International Pvt Ltd,Mahesh Agarwal,36BBBLA3735C1ZW,BBBLA3735C,Telangana,IT/ITES,17923480,179.2,3674180,20.5,6025469,2724741,3300728,1837062,2896713,6235754,62.4,0.83,6.38,0.46,0.1,17,16,11,1,24.02,44.38,748,0,1,100.0,LOW,APPROVE,0
420,Neha Brothers Ltd,Naresh Reddy,09YYYJW3205X1ZW,YYYJW3205X,Uttar Pradesh,Chemicals,29531680,295.3,1346655,4.56,21018502,16794195,4224307,9574575,17736507,15395682,154.0,3.98,0.95,1.15,0.32,4,6,11,1,22.83,30.52,795,0,0,60.3,MEDIUM,CONDITIONAL APPROVAL,0
421,Satish Enterprises Ltd,Divya Sethi,24NNNGK7292K1Z9,NNNGK7292K,Gujarat,Auto Components,47320109,473.2,3223187,6.81,43135417,14989180,28146237,9742424,22932366,22394087,223.9,0.53,1.56,1.02,0.21,21,33,7,5,40.51,15.43,300,0,0,70.7,MEDIUM,APPROVE WITH CONDITIONS,0
422,Mishra Industries LLP,Neha Desai,27HHHEI3310D1ZZ,HHHEI3310D,Maharashtra,Food Processing,20556873,205.6,1183494,5.76,7976377,2582372,5394005,1606985,1350646,12340894,123.4,0.48,1.04,0.11,0.08,6,75,12,0,16.24,9.22,556,0,0,75.1,LOW,APPROVE WITH CONDITIONS,0
423,Dinesh Suppliers,Rakesh Sharma,27IIIED6795Z1ZE,IIIED6795Z,Maharashtra,Manufacturing,30022144,300.2,1376423,4.58,11701030,7997278,3703751,2742596,6927316,9163320,91.6,2.16,1.63,0.76,0.09,22,45,7,5,7.74,2.82,779,0,0,100.0,LOW,APPROVE,0
424,Jain Fabrics,Deepak Sharma,27IIIJE8938F3ZV,IIIJE8938F,Maharashtra,Textile,5967115,59.7,662760,11.11,3920004,2273512,1646492,839389,933484,2234885,22.3,1.38,3.21,0.42,0.14,1,25,8,4,14.48,21.43,644,0,0,82.4,LOW,APPROVE,0
425,Bhatia & Sethi International Pvt Ltd,Anil Yadav,36QQQEF5916H2ZV,QQQEF5916H,Telangana,IT/ITES,13313876,133.1,3802036,28.56,12749581,10420878,2328703,3708858,4608878,3569686,35.7,4.47,8.88,1.29,0.28,22,15,11,1,34.61,30.36,579,0,0,99.5,LOW,APPROVE,0
426,Joshi & Bhatia Brothers LLP,Sunita Nair,29PPPJT7750V1Z1,PPPJT7750V,Karnataka,Retail,7625304,76.3,234281,3.07,3193531,2764729,428802,2084368,3249976,1312212,13.1,6.45,0.97,2.48,0.27,3,18,10,2,16.41,13.47,532,0,1,27.9,VERY HIGH,REJECT,1
427,Manish Verma Works & Co,Ramesh Tiwari,33OOOLH3728R1Z7,OOOLH3728R,Tamil Nadu,Textile,6904502,69.0,247097,3.58,2611802,1031059,1580743,460899,876845,2261150,22.6,0.65,1.18,0.39,0.07,5,116,12,0,26.02,24.74,686,0,1,60.9,MEDIUM,CONDITIONAL APPROVAL,0
428,Mehta Fabrics LLP,Mahesh Iyer,27JJJCL6431N1ZZ,JJJCL6431N,Maharashtra,Chemicals,30113661,301.1,2674349,8.88,13402293,12119409,1282884,7251404,15964609,10176199,101.8,9.45,2.85,1.57,0.24,12,56,7,5,20.73,8.97,522,0,0,47.8,HIGH,HIGH RISK — COLLATERAL REQUIRED,0
429,Suresh Shah Suppliers & Co,Harish Iyer,06CCCBC9265X3ZQ,CCCBC9265X,Haryana,Manufacturing,68980054,689.8,3138970,4.55,54021691,44512082,9509609,20089460,26045088,28304052,283.0,4.68,1.2,0.92,0.29,18,39,9,3,45.83,17.93,731,0,0,59.7,MEDIUM,CONDITIONAL APPROVAL,0
430,Kiran Rao Brothers Pvt Ltd,Sunita Reddy,07NNNBH7657R2ZU,NNNBH7657R,Delhi,Retail,11454470,114.5,106263,0.93,6166087,3489818,2676269,1697762,1966661,3757415,37.6,1.3,0.31,0.52,0.15,17,7,11,1,40.69,53.66,638,0,0,66.2,MEDIUM,APPROVE WITH CONDITIONS,0
431,Arjun Industries LLP,Kapil Sharma,29UUUBD3773G2ZF,UUUBD3773G,Karnataka,Retail,17821917,178.2,816105,4.58,6004011,5370719,633292,3883292,3475409,10210587,102.1,8.48,0.87,0.34,0.22,27,36,12,0,30.13,13.8,682,0,0,38.2,HIGH,HIGH RISK — COLLATERAL REQUIRED,1
432,Jain Technologies Pvt Ltd,Anil Kumar,09PPPPP6128U1ZK,PPPPP6128U,Uttar Pradesh,Chemicals,43943021,439.4,3421636,7.79,37375606,17862983,19512622,7374487,19658996,26493947,264.9,0.92,1.4,0.74,0.17,23,42,12,0,16.93,3.74,884,0,0,100.0,LOW,APPROVE,0
433,Chopra Exports,Paresh Nair,29UUUPP3291X3ZQ,UUUPP3291X,Karnataka,Food Processing,7860261,78.6,501030,6.37,2977553,2343432,634121,1957584,4451852,2178901,21.8,3.7,2.22,2.04,0.25,15,54,5,7,46.72,9.19,406,0,0,69.2,MEDIUM,APPROVE WITH CONDITIONS,0
434,Deepak Singh Trading Co Pvt Ltd,Neha Kumar,33EEECQ8763A2ZQ,EEECQ8763A,Tamil Nadu,Retail,4544573,45.4,158231,3.48,1834306,1438541,395766,698481,955751,1749452,17.5,3.63,0.98,0.55,0.15,15,13,7,5,31.62,14.81,416,0,0,44.2,HIGH,HIGH RISK — COLLATERAL REQUIRED,1
435,Paresh Khanna Technologies Ltd,Sunil Malhotra,03GGGGJ7982S3ZJ,GGGGJ7982S,Punjab,Manufacturing,46689105,466.9,6986703,14.96,31517372,28535181,2982191,19229624,28673330,29719205,297.2,9.57,2.55,0.96,0.41,9,23,11,1,40.43,19.24,566,0,1,30.9,VERY HIGH,REJECT,1
436,Kapil Kumar Trading Co Pvt Ltd,Vikram Khanna,08GGGCA4798G1Z9,GGGCA4798G,Rajasthan,Chemicals,31839755,318.4,5009393,15.73,26135395,16887978,9247417,10196779,9199147,8696882,87.0,1.83,4.26,1.06,0.32,18,153,6,6,29.12,59.37,657,0,0,97.4,LOW,APPROVE,0
437,Yadav & Patel Solutions Ltd,Ashish Chopra,33CCCTG3721U2Z9,CCCTG3721U,Tamil Nadu,IT/ITES,14800614,148.0,3835347,25.91,14042355,7399793,6642562,4027805,5680439,5851614,58.5,1.11,7.1,0.97,0.27,5,11,10,2,34.39,11.62,675,0,0,94.0,LOW,APPROVE,0
438,Mohan Industries,Mohan Gupta,27OOOHQ4193A3ZJ,OOOHQ4193A,Maharashtra,Food Processing,14051025,140.5,1225506,8.72,8534522,7634999,899523,5683523,6215465,7346169,73.5,8.49,1.81,0.85,0.4,24,48,11,1,12.22,16.88,560,0,1,38.8,HIGH,HIGH RISK — COLLATERAL REQUIRED,1
439,Paresh Patel Works,Pooja Gupta,20PPPCP9938Z1Z2,PPPCP9938Z,Jharkhand,Steel,130170722,1301.7,11595998,8.91,54987380,22304215,32683165,12775120,9091850,44693772,446.9,0.68,2.81,0.2,0.1,29,23,12,0,13.85,32.11,732,0,0,100.0,LOW,APPROVE,0
440,Kapil Suppliers Ltd,Rakesh Bhatia,24XXXAK6185W1ZN,XXXAK6185W,Gujarat,Chemicals,35230928,352.3,2865289,8.13,12418265,8456432,3961833,4245361,11312821,7692195,76.9,2.13,4.04,1.47,0.12,14,118,4,8,8.52,37.91,523,0,0,81.0,LOW,APPROVE,0
441,Patel Associates Pvt Ltd,Harish Mishra,24WWWBS8585C1Z5,WWWBS8585C,Gujarat,Pharmaceuticals,74260110,742.6,10679122,14.38,48169767,32568799,15600967,15246869,35515097,23085551,230.9,2.09,5.01,1.54,0.21,13,24,5,7,22.45,18.93,454,1,0,78.5,LOW,APPROVE WITH CONDITIONS,0
442,Nair Enterprises LLP,Mahesh Malhotra,36KKKLH4084I1ZB,KKKLH4084I,Telangana,Pharmaceuticals,72316486,723.2,45997,0.06,53598151,35774212,17823939,26351866,30732500,35761778,357.6,2.01,0.3,0.86,0.36,4,24,5,7,27.17,5.33,765,1,0,43.4,HIGH,HIGH RISK — COLLATERAL REQUIRED,1
443,Anil Fabrics,Paresh Malhotra,27JJJFK9253R3ZH,JJJFK9253R,Maharashtra,Pharmaceuticals,39171323,391.7,6304249,16.09,27499427,14374437,13124990,10394253,24900998,21299290,213.0,1.1,3.21,1.17,0.27,23,55,9,3,40.94,32.39,840,0,0,100.0,LOW,APPROVE,0
444,Kapoor & Chopra Suppliers LLP,Vikram Nair,20FFFLP6483K3Z6,FFFLP6483K,Jharkhand,Steel,135215663,1352.2,12924839,9.56,45829125,31343624,14485500,17095632,39704690,55791230,557.9,2.16,2.51,0.71,0.13,25,11,10,2,50.78,13.66,821,0,0,96.5,LOW,APPROVE,0
445,Suresh Kumar Fabrics Pvt Ltd,Harish Singh,08HHHPD7897N2ZP,HHHPD7897N,Rajasthan,Chemicals,20519594,205.2,2125064,10.36,18782062,6813371,11968691,2276003,4246900,10039027,100.4,0.57,2.29,0.42,0.11,26,73,11,1,14.42,9.92,676,1,0,89.3,LOW,APPROVE,0
446,Kumar & Deshpande Enterprises LLP,Mukesh Tandon,09FFFGJ2316F1ZD,FFFGJ2316F,Uttar Pradesh,Chemicals,15825425,158.3,1807687,11.42,11833520,4777142,7056378,3131990,7929340,3828740,38.3,0.68,5.0,2.07,0.2,21,16,4,8,52.17,9.04,697,0,0,100.0,LOW,APPROVE,0
447,Sunita Agarwal International LLP,Sunita Agarwal,33YYYCM6359J3ZR,YYYCM6359J,Tamil Nadu,IT/ITES,9411585,94.1,2948703,31.33,3731982,3343500,388482,2757814,4667486,6052987,60.5,8.61,5.28,0.77,0.29,22,37,12,0,18.69,17.82,777,1,1,53.4,HIGH,CONDITIONAL APPROVAL,0
448,Sunita Products & Co,Naresh Khanna,27MMMEF7974E2ZJ,MMMEF7974E,Maharashtra,Food Processing,7245298,72.5,146494,2.02,3398225,2770006,628219,1913324,2819190,1733840,17.3,4.41,0.66,1.63,0.26,11,27,9,3,30.96,14.14,614,0,1,46.8,HIGH,HIGH RISK — COLLATERAL REQUIRED,0
449,Kulkarni & Sinha Enterprises Pvt Ltd,Priya Jain,27PPPEV7581N1ZJ,PPPEV7581N,Maharashtra,Textile,19825671,198.3,1993369,10.05,7439730,6533856,905873,3355819,7714377,11365859,113.7,7.21,1.9,0.68,0.17,14,110,7,5,7.61,17.56,900,0,0,83.6,LOW,APPROVE,0
450,Paresh Exports LLP,Deepak Desai,24TTTJN1795O2Z2,TTTJN1795O,Gujarat,Pharmaceuticals,75530743,755.3,6346757,8.4,25965286,20164351,5800936,10481866,26898450,27750072,277.5,3.48,2.48,0.97,0.14,20,12,7,5,15.4,12.94,575,0,0,82.9,LOW,APPROVE,0
451,Ashish Trading Co,Paresh Sharma,09LLLAR7491H1Z5,LLLAR7491H,Uttar Pradesh,Chemicals,34948040,349.5,-1562146,-4.47,19405102,17438099,1967004,6617601,6330504,6471120,64.7,8.87,0.3,0.98,0.19,1,76,6,6,11.94,14.15,563,0,0,0.0,VERY HIGH,REJECT,1
452,Vikram Suppliers Pvt Ltd,Deepak Iyer,24XXXGN7565A1ZG,XXXGN7565A,Gujarat,Pharmaceuticals,35093457,350.9,6626663,18.88,11197369,6058765,5138604,2517392,1596576,16699316,167.0,1.18,4.3,0.1,0.07,13,51,12,0,7.25,11.1,735,1,0,94.8,LOW,APPROVE,0
453,Arjun Industries,Neha Bhatia,27NNNFA7788V1ZH,NNNFA7788V,Maharashtra,Logistics,20729257,207.3,2196036,10.59,7127075,5558992,1568083,4458066,8555363,12880226,128.8,3.55,1.85,0.66,0.22,9,47,10,2,29.22,18.24,758,0,0,71.4,MEDIUM,APPROVE WITH CONDITIONS,0
454,Ganesh Products LLP,Harish Desai,22KKKHO3486O3ZV,KKKHO3486O,Chhattisgarh,Steel,53138488,531.4,1792670,3.37,19402832,10736143,8666689,5259636,6028290,8505116,85.1,1.24,2.28,0.71,0.1,12,61,7,5,6.37,12.23,596,0,0,80.3,LOW,APPROVE,0
455,Anil Enterprises LLP,Deepak Kumar,09LLLTN7805Y1ZI,LLLTN7805Y,Uttar Pradesh,Chemicals,24251780,242.5,3140893,12.95,10766266,8205795,2560471,5332954,10310420,5383228,53.8,3.2,5.1,1.92,0.22,13,15,12,0,44.18,59.72,662,0,0,82.8,LOW,APPROVE,0
456,Sunita Reddy Solutions LLP,Manish Kapoor,33YYYHU2730V3ZK,YYYHU2730V,Tamil Nadu,IT/ITES,23010610,230.1,6032415,26.22,8890164,4538596,4351569,1481134,3595185,10872127,108.7,1.04,6.01,0.33,0.06,2,8,11,1,16.91,54.07,627,0,0,100.0,LOW,APPROVE,0
457,Sinha & Patel Suppliers & Co,Rakesh Kumar,24UUUAT4673E3ZW,UUUAT4673E,Gujarat,Pharmaceuticals,10940039,109.4,1758904,16.08,8717941,7888134,829807,6007746,9933449,3415335,34.2,9.51,2.54,2.91,0.55,23,31,4,8,5.15,7.9,834,0,0,72.8,MEDIUM,APPROVE WITH CONDITIONS,0
458,Sethi Manufacturers Pvt Ltd,Neha Agarwal,29GGGHE5800C1ZD,GGGHE5800C,Karnataka,Retail,15769064,157.7,216723,1.37,10311915,9261018,1050897,5232439,13200630,4951649,49.5,8.81,0.36,2.67,0.33,13,15,10,2,17.28,11.52,550,0,0,24.3,VERY HIGH,REJECT,1
459,Anil Patel Trading Co LLP,Kapil Nair,24MMMBZ7833I3ZY,MMMBZ7833I,Gujarat,Textile,30223408,302.2,2918683,9.66,10463766,9073103,1390663,3254589,8629225,18350317,183.5,6.52,1.72,0.47,0.11,9,38,10,2,11.16,23.92,551,0,0,51.6,HIGH,CONDITIONAL APPROVAL,0
460,Nair International Ltd,Kapil Desai,20HHHJG5333D2Z4,HHHJG5333D,Jharkhand,Steel,117877648,1178.8,11049708,9.37,37289681,16043742,21245939,12710727,19244921,67828605,678.3,0.76,1.76,0.28,0.11,11,198,7,5,10.22,19.36,669,0,0,86.4,LOW,APPROVE,0
461,Kiran Solutions LLP,Kapil Shah,27WWWCS5992P3ZS,WWWCS5992P,Maharashtra,Textile,30377877,303.8,2273877,7.49,28003090,11947291,16055799,5350593,12148759,17345882,173.5,0.74,1.42,0.7,0.18,25,141,8,4,42.38,43.13,796,0,0,83.6,LOW,APPROVE,0
462,Ritu Traders LLP,Arjun Bhatt,06TTTCL3553S3ZK,TTTCL3553S,Haryana,Auto Components,36267006,362.7,4905310,13.53,24600255,12393521,12206734,8459957,16820392,19193749,191.9,1.02,2.77,0.88,0.23,28,13,5,7,33.34,21.69,563,0,0,90.3,LOW,APPROVE,0
463,Arjun Mishra International,Ramesh Sethi,27GGGHP8525S3Z0,GGGHP8525S,Maharashtra,Food Processing,18528489,185.3,1511264,8.16,8120894,6593078,1527816,2664378,6382096,3771415,37.7,4.32,4.34,1.69,0.14,1,59,12,0,9.26,37.2,562,0,1,68.1,MEDIUM,APPROVE WITH CONDITIONS,0
464,Reddy & Rao Works & Co,Neha Mehta,21HHHFW8472F1ZH,HHHFW8472F,Odisha,Steel,33661292,336.6,2999711,8.91,10767008,8636085,2130923,2767297,2952908,10449383,104.5,4.05,3.11,0.28,0.08,25,15,9,3,15.28,20.14,703,0,0,89.8,LOW,APPROVE,0
465,Mishra & Kapoor Industries Ltd,Mohan Arora,27CCCJG2636R3ZD,CCCJG2636R,Maharashtra,Logistics,31973895,319.7,1286046,4.02,10816122,8785867,2030255,7102096,3591349,17646359,176.5,4.33,0.79,0.2,0.22,22,32,12,0,6.94,9.85,778,0,1,53.9,HIGH,CONDITIONAL APPROVAL,0
466,Ritu Trading Co Pvt Ltd,Naresh Sethi,36RRRFK5510V3ZW,RRRFK5510V,Telangana,Pharmaceuticals,43738972,437.4,3636934,8.32,25217637,17206223,8011413,11855099,6430439,24847983,248.5,2.15,1.59,0.26,0.27,7,132,9,3,18.46,14.47,588,0,0,65.8,MEDIUM,APPROVE WITH CONDITIONS,0
467,Kumar & Joshi Fabrics LLP,Mohan Reddy,27JJJHY9690P1ZJ,JJJHY9690P,Maharashtra,Chemicals,16451244,164.5,2325272,14.13,9290464,2813508,6476957,934482,2340924,9687327,96.9,0.43,2.6,0.24,0.06,24,58,12,0,30.11,14.44,692,0,0,100.0,LOW,APPROVE,0
468,Sunil Trading Co Ltd,Kiran Sinha,24XXXHX6166O2ZR,XXXHX6166O,Gujarat,Auto Components,8315023,83.2,456927,5.5,2702661,2279543,423118,936113,1552724,4791449,47.9,5.39,1.03,0.32,0.11,25,107,12,0,11.11,47.11,588,0,0,64.5,MEDIUM,CONDITIONAL APPROVAL,0
469,Malhotra & Arora Manufacturers Ltd,Ramesh Mehta,33ZZZFT9240O2Z6,ZZZFT9240O,Tamil Nadu,Textile,4754243,47.5,390915,8.22,1746044,515913,1230132,429009,217881,1118550,11.2,0.42,3.79,0.19,0.09,28,128,12,0,48.15,22.55,538,0,0,93.1,LOW,APPROVE,0
470,Rajan Fabrics & Co,Paresh Sethi,33EEEBK7779E1ZJ,EEEBK7779E,Tamil Nadu,Textile,6430248,64.3,358573,5.58,2224281,1982549,241733,781774,701800,1643221,16.4,8.2,2.36,0.43,0.12,25,44,8,4,26.95,49.23,851,0,1,56.9,MEDIUM,CONDITIONAL APPROVAL,0
471,Kavita Khanna Associates LLP,Satish Arora,27WWWGI1379E1ZQ,WWWGI1379E,Maharashtra,Food Processing,8703437,87.0,790674,9.08,3245534,2697661,547873,1415565,1403659,3608762,36.1,4.92,2.37,0.39,0.16,28,52,9,3,19.01,27.87,699,0,0,77.9,LOW,APPROVE WITH CONDITIONS,0
472,Neha Trading Co,Neha Chopra,06YYYBR3592Z3Z5,YYYBR3592Z,Haryana,Auto Components,25554367,255.5,2693834,10.54,18274091,3332374,14941717,2729221,5760839,8532415,85.3,0.22,3.42,0.68,0.11,1,60,11,1,5.98,8.22,300,0,0,85.6,LOW,APPROVE,0
473,Neha Mishra Associates & Co,Mahesh Verma,08HHHHN3465I1ZK,HHHHN3465I,Rajasthan,Textile,30621086,306.2,1343173,4.39,9852218,8880020,972198,3327255,4838671,14172379,141.7,9.13,1.03,0.34,0.11,18,36,8,4,33.95,6.36,412,0,1,17.7,VERY HIGH,REJECT,1
474,Tiwari & Malhotra Industries LLP,Sunita Mishra,07GGGFJ3675N2ZE,GGGFJ3675N,Delhi,Logistics,9570479,95.7,1001014,10.46,3811225,3140701,670524,2200616,3268290,3515289,35.2,4.68,3.08,0.93,0.23,4,44,10,2,19.62,13.9,475,0,0,70.7,MEDIUM,APPROVE WITH CONDITIONS,0
475,Divya Deshpande Suppliers Ltd,Neha Patel,29SSSPD3668Y1Z7,SSSPD3668Y,Karnataka,Food Processing,29169434,291.7,773137,2.65,14515712,10584054,3931658,7545827,17345599,7517473,75.2,2.69,0.89,2.31,0.26,23,43,9,3,50.43,23.16,523,0,0,64.5,MEDIUM,CONDITIONAL APPROVAL,0
476,Joshi Industries Pvt Ltd,Ritu Sharma,08JJJBN5926H3Z5,JJJBN5926H,Rajasthan,Textile,6605555,66.1,196646,2.98,2255286,1690221,565065,702680,1782042,1972772,19.7,2.99,1.08,0.9,0.11,28,17,11,1,35.28,7.51,676,0,0,76.5,LOW,APPROVE WITH CONDITIONS,0
477,Paresh Modi Associates Pvt Ltd,Suresh Kulkarni,27FFFLF3861Q1ZB,FFFLF3861Q,Maharashtra,Textile,36775994,367.8,4008872,10.9,26723400,10057272,16666127,3342130,6494695,23571748,235.7,0.6,1.84,0.28,0.09,12,265,9,3,14.98,14.41,684,0,0,85.3,LOW,APPROVE,0
478,Rajesh Deshpande Technologies Pvt Ltd,Harish Tandon,08MMMTX9604F1Z6,MMMTX9604F,Rajasthan,Textile,26433812,264.3,-1212991,-4.59,12569165,6254794,6314372,4585112,5048030,14126758,141.3,0.99,0.3,0.36,0.17,14,20,8,4,20.71,20.74,522,0,1,38.1,HIGH,HIGH RISK — COLLATERAL REQUIRED,1
479,Sunil Reddy Fabrics Pvt Ltd,Vikram Reddy,29WWWBP9074X3ZC,WWWBP9074X,Karnataka,Retail,6600082,66.0,281339,4.26,2112208,1612835,499373,633584,1018312,1429489,14.3,3.23,2.13,0.71,0.1,29,17,12,0,45.77,7.52,541,0,0,77.8,LOW,APPROVE WITH CONDITIONS,0
480,Kavita Sinha Products Pvt Ltd,Vikram Kumar,33SSSPQ5370Y1ZK,SSSPQ5370Y,Tamil Nadu,Auto Components,31823905,318.2,3036941,9.54,22108655,13827300,8281355,8617647,7126398,18431626,184.3,1.67,1.78,0.39,0.27,18,78,12,0,8.4,36.55,441,0,0,100.0,LOW,APPROVE,0
481,Rajan International LLP,Dinesh Sinha,36SSSLO4519O3ZG,SSSLO4519O,Telangana,IT/ITES,24156312,241.6,78210,0.32,8044688,2576777,5467912,887796,2222558,6547140,65.5,0.47,0.3,0.34,0.04,6,8,5,7,7.2,14.82,726,0,0,62.2,MEDIUM,CONDITIONAL APPROVAL,0
482,Rakesh Traders,Kapil Gupta,29DDDBR5844E2ZJ,DDDBR5844E,Karnataka,IT/ITES,4610738,46.1,1129836,24.5,1809120,673632,1135488,271477,567955,2331222,23.3,0.59,5.25,0.24,0.06,14,116,7,5,38.96,46.66,700,0,0,100.0,LOW,APPROVE,0
483,Iyer Industries LLP,Harish Shah,07FFFBV3713U3ZE,FFFBV3713U,Delhi,Logistics,14671979,146.7,962869,6.56,5641720,4740720,901000,3415381,4360125,2795838,28.0,5.26,2.44,1.56,0.23,16,21,9,3,11.41,22.37,681,0,0,89.4,LOW,APPROVE,0
484,Agarwal & Reddy Exports Pvt Ltd,Anil Singh,03TTTBB7723E1ZU,TTTBB7723E,Punjab,Manufacturing,50769167,507.7,3258673,6.42,20131834,16254980,3876854,9919993,19494649,9090091,90.9,4.19,2.85,2.14,0.2,9,117,4,8,10.73,29.77,788,0,0,85.2,LOW,APPROVE,0
485,Arjun Sethi Exports Pvt Ltd,Neha Chopra,29QQQGQ2681Y3ZU,QQQGQ2681Y,Karnataka,Food Processing,24386290,243.9,1544791,6.33,21993589,19082331,2911258,7526816,19894150,13303616,133.0,6.55,1.26,1.5,0.31,25,50,6,6,17.55,8.85,522,0,0,55.7,MEDIUM,CONDITIONAL APPROVAL,0
486,Naresh Solutions Ltd,Anita Nair,21HHHPD2451X3ZN,HHHPD2451X,Odisha,Steel,49628295,496.3,2298216,4.63,26853444,21146116,5707328,6455817,7518210,9934586,99.3,3.71,2.51,0.76,0.13,5,6,11,1,8.7,30.65,678,0,0,76.8,LOW,APPROVE WITH CONDITIONS,0
487,Modi & Rao International & Co,Sunita Sharma,24HHHTN5354D3ZV,HHHTN5354D,Gujarat,Chemicals,31306753,313.1,-1424468,-4.55,11332078,8912543,2419534,2716855,1547451,16376995,163.8,3.68,0.3,0.09,0.09,11,34,10,2,9.14,29.48,522,0,0,39.9,HIGH,HIGH RISK — COLLATERAL REQUIRED,1
488,Suresh Suppliers LLP,Ashish Rao,09ZZZEX8074V1ZD,ZZZEX8074V,Uttar Pradesh,Chemicals,10754472,107.5,785824,7.31,8062718,5666455,2396263,3733598,7980656,2480441,24.8,2.36,1.82,3.22,0.35,2,124,12,0,26.66,13.76,444,0,0,73.2,MEDIUM,APPROVE WITH CONDITIONS,0
489,Arjun International Ltd,Divya Yadav,24YYYCG9966U2ZP,YYYCG9966U,Gujarat,Auto Components,15683568,156.8,716815,4.57,5977476,5345641,631835,1807118,4774777,7100043,71.0,8.46,1.09,0.67,0.12,27,17,8,4,18.66,13.4,573,0,0,40.8,HIGH,HIGH RISK — COLLATERAL REQUIRED,1
490,Yadav Brothers & Co,Manish Deshpande,27LLLCF6288A1ZC,LLLCF6288A,Maharashtra,IT/ITES,19183374,191.8,2528345,13.18,14730162,4768343,9961819,3498678,7741552,8114348,81.1,0.48,3.38,0.95,0.18,9,45,9,3,23.67,49.89,615,0,0,100.0,LOW,APPROVE,0
491,Reddy & Rao Technologies Pvt Ltd,Mukesh Singh,27ZZZGT2346K1ZS,ZZZGT2346K,Maharashtra,IT/ITES,5198141,52.0,741162,14.26,2908230,2001617,906613,1186836,2121402,2933926,29.3,2.21,2.74,0.72,0.23,18,45,9,3,27.84,29.76,761,0,0,100.0,LOW,APPROVE,0
492,Sunita Malhotra Suppliers Ltd,Sunil Joshi,33NNNPR4149N1ZX,NNNPR4149N,Tamil Nadu,Textile,31058245,310.6,3484877,11.22,16101070,12341306,3759764,8340801,19835626,16364102,163.6,3.28,2.31,1.21,0.27,29,22,6,6,44.08,37.93,900,0,0,94.6,LOW,APPROVE,0
493,Chopra & Agarwal Traders Pvt Ltd,Ramesh Deshpande,27RRRHD4732X2ZZ,RRRHD4732X,Maharashtra,Food Processing,28724823,287.2,102891,0.36,9717701,6034596,3683105,3495744,8124909,16910408,169.1,1.64,0.3,0.48,0.12,3,59,10,2,19.85,54.85,658,0,0,62.8,MEDIUM,CONDITIONAL APPROVAL,0
494,Harish International Pvt Ltd,Rajesh Gupta,07IIIAW9041N3Z8,IIIAW9041N,Delhi,Retail,12045282,120.5,-463519,-3.85,9421085,6821009,2600076,3877472,5918734,2656370,26.6,2.62,0.3,2.23,0.32,19,273,12,0,25.58,21.03,712,0,0,74.0,MEDIUM,APPROVE WITH CONDITIONS,0
495,Khanna Works,Naresh Bhatt,24FFFFH3938F1ZV,FFFFH3938F,Gujarat,Chemicals,32975152,329.8,3272931,9.93,12734922,10967045,1767877,8591746,22537811,20658719,206.6,6.2,1.72,1.09,0.26,14,8,10,2,29.78,20.32,841,1,0,52.5,HIGH,CONDITIONAL APPROVAL,0
496,Manish Sethi Associates Pvt Ltd,Rajesh Joshi,27MMMFH6754U3Z5,MMMFH6754U,Maharashtra,Chemicals,41113630,411.1,7236921,17.6,19023725,8823568,10200157,6698851,9298811,15436412,154.4,0.87,5.08,0.6,0.16,18,22,6,6,7.89,18.96,414,0,0,100.0,LOW,APPROVE,0
497,Ashish Mehta Solutions,Mahesh Modi,36FFFFU9162F3ZD,FFFFU9162F,Telangana,IT/ITES,9418405,94.2,-439080,-4.66,3066210,1321323,1744887,550795,703366,3785947,37.9,0.76,0.3,0.19,0.06,15,23,10,2,38.0,21.62,660,0,0,75.8,LOW,APPROVE WITH CONDITIONS,0
498,Priya Sethi Enterprises,Ashish Gupta,06DDDJG3543T2ZT,DDDJG3543T,Haryana,Auto Components,16334031,163.3,-513952,-3.15,7665813,6877147,788667,4596960,5109645,6597093,66.0,8.72,0.3,0.77,0.28,2,16,10,2,26.98,31.67,473,0,0,0.0,VERY HIGH,REJECT,1
499,Khanna & Chopra Brothers Pvt Ltd,Suresh Arora,27SSSTW9715Q2ZY,SSSTW9715Q,Maharashtra,Retail,10547979,105.5,128318,1.22,3306778,1824280,1482499,759230,1107377,6195141,62.0,1.23,0.3,0.18,0.07,11,88,12,0,32.98,10.14,434,0,0,58.9,MEDIUM,CONDITIONAL APPROVAL,0
500,Ramesh Fabrics Pvt Ltd,Ramesh Chopra,03YYYGY1903Q1ZC,YYYGY1903Q,Punjab,Manufacturing,55638921,556.4,2069250,3.72,35058330,15658111,19400220,10808410,7940971,8428959,84.3,0.81,1.66,0.94,0.19,3,23,7,5,14.78,9.56,870,0,0,79.5,LOW,APPROVE WITH CONDITIONS,0
